E0,E2,E5,E7,E8,M0,M5,M7,S0_base58,S5_topk25,S8_resid_idw,SM5_topk25_xy,E0_p,E2_p,E5_p,E7_p,E8_p,M0_p,M5_p,M7_p,S0_base58_p,S5_topk25_p,S8_resid_idw_p,SM5_topk25_xy_p
5.537,5.537,5.537,5.537,5.537,5.537,5.537,5.537,5.537,5.537,5.537,5.537,5.7071213722229,5.698385715484619,5.706303119659424,5.693199116916928,5.58156769859329,5.702833652496338,5.728769302368164,5.675081178912352,5.78717041015625,5.784272193908691,5.8308397935923635,5.846517086029053
5.588,5.588,5.588,5.588,5.588,5.588,5.588,5.588,5.588,5.588,5.588,5.588,5.725403308868408,5.727894306182861,5.726998329162598,5.700739391368346,5.6713463400731685,5.707590103149414,5.706103324890137,5.662296122897939,5.812349319458008,5.802296161651611,5.905827872362813,5.87659215927124
5.625,5.625,5.625,5.625,5.625,5.625,5.625,5.625,5.625,5.625,5.625,5.625,5.6586012840271,5.65363883972168,5.6530632972717285,5.65143793905602,5.750510371857548,5.6741814613342285,5.677334785461426,5.634382019680803,5.78717041015625,5.784272193908691,5.776440420815419,5.823610782623291
5.854,5.854,5.854,5.854,5.854,5.854,5.854,5.854,5.854,5.854,5.854,5.854,5.711865425109863,5.715141296386719,5.714278221130371,5.696031388635139,5.821022720225362,5.6877007484436035,5.686954021453857,5.661649060332168,5.78717041015625,5.781909942626953,5.740289099729341,5.828941822052002
5.793,5.793,5.793,5.793,5.793,5.793,5.793,5.793,5.793,5.793,5.793,5.793,5.7401862144470215,5.751391410827637,5.745009422302246,5.707448048964668,5.855281002672865,5.736303806304932,5.760107040405273,5.706529801621949,5.81416654586792,5.8044514656066895,5.822685888149774,5.866039276123047
5.706,5.706,5.706,5.706,5.706,5.706,5.706,5.706,5.706,5.706,5.706,5.706,5.722037315368652,5.719425678253174,5.720094680786133,5.7067055281096,5.787393686946744,5.749990463256836,5.743768215179443,5.700432092131681,5.812349319458008,5.802296161651611,5.842872425180354,5.8536858558654785
5.776,5.776,5.776,5.776,5.776,5.776,5.776,5.776,5.776,5.776,5.776,5.776,5.680337905883789,5.675377368927002,5.67576789855957,5.6714136771948045,5.712443109775394,5.669774055480957,5.675117492675781,5.656005006580283,5.78717041015625,5.784272193908691,5.7512461092294584,5.819600582122803
5.484,5.484,5.484,5.484,5.484,5.484,5.484,5.484,5.484,5.484,5.484,5.484,5.720311641693115,5.716405391693115,5.715777397155762,5.705323082180209,5.555043269971219,5.749990463256836,5.743768215179443,5.747477977059044,5.812349319458008,5.802296161651611,5.588947005753097,5.835189342498779
5.535,5.535,5.535,5.535,5.535,5.535,5.535,5.535,5.535,5.535,5.535,5.535,5.72475528717041,5.7331223487854,5.728321075439453,5.705700314265059,5.509717941308257,5.727557182312012,5.749089241027832,5.739315954283887,5.81416654586792,5.8044514656066895,5.587851597450495,5.847542762756348
5.379,5.379,5.379,5.379,5.379,5.379,5.379,5.379,5.379,5.379,5.379,5.379,5.720311641693115,5.7140936851501465,5.715777397155762,5.69060120472939,5.580770753550201,5.76431941986084,5.743768215179443,5.743803590165569,5.80969762802124,5.798368453979492,5.580704733651191,5.845839977264404
6.017,6.017,6.017,6.017,6.017,6.017,6.017,6.017,6.017,6.017,6.017,6.017,5.99853515625,5.998482704162598,6.002284049987793,6.005328590963581,6.020609456243668,5.949075698852539,5.94705057144165,5.931791671892474,6.017239570617676,6.018232345581055,6.01893103596704,5.969945907592773
6.023,6.023,6.023,6.023,6.023,6.023,6.023,6.023,6.023,6.023,6.023,6.023,6.002555847167969,6.004633903503418,6.002659320831299,6.002741295558577,6.020315739640241,5.9658002853393555,5.975966930389404,5.959358959656086,6.015113830566406,6.016108989715576,6.016881795127239,5.974270343780518
6.019,6.019,6.019,6.019,6.019,6.019,6.019,6.019,6.019,6.019,6.019,6.019,6.0023088455200195,6.002774238586426,6.007826328277588,5.994879706153685,6.0165883984543305,5.964332103729248,5.961833477020264,5.952647144213899,6.012770652770996,6.012149333953857,6.012996689738369,5.971660614013672
6.017,6.017,6.017,6.017,6.017,6.017,6.017,6.017,6.017,6.017,6.017,6.017,5.9939141273498535,5.991779804229736,5.993085861206055,6.000539406485402,6.01543862435545,5.965139865875244,5.967543601989746,5.9627203033682505,6.012770652770996,6.012149333953857,6.012832086488076,5.982126235961914
6.017,6.017,6.017,6.017,6.017,6.017,6.017,6.017,6.017,6.017,6.017,6.017,6.002555847167969,6.004633903503418,6.002659320831299,6.002741295558577,6.018747119296693,5.9658002853393555,5.975966930389404,5.991322754441689,6.015113830566406,6.016108989715576,6.032624112163739,5.983144760131836
6.017,6.017,6.017,6.017,6.017,6.017,6.017,6.017,6.017,6.017,6.017,6.017,5.99853515625,5.998482704162598,6.002284049987793,5.998453460710664,6.017396875342258,5.952023983001709,5.954277515411377,5.964029214094811,6.015113830566406,6.016108989715576,6.033319826594848,5.983144760131836
6.017,6.017,6.017,6.017,6.017,6.017,6.017,6.017,6.017,6.017,6.017,6.017,5.996108055114746,5.998482704162598,5.999329090118408,6.023171311989559,6.017495172310853,5.952023983001709,5.952415466308594,5.989062471457943,6.0075483322143555,6.011918067932129,6.030952925237149,5.966195106506348
6.017,6.017,6.017,6.017,6.017,6.017,6.017,6.017,6.017,6.017,6.017,6.017,5.9906206130981445,5.997635841369629,5.995393753051758,6.012487448479078,6.0161346055696026,5.945376873016357,5.957312107086182,5.992426150727389,6.005422592163086,6.00979471206665,6.025547740642607,5.970519542694092
6.019,6.019,6.019,6.019,6.019,6.019,6.019,6.019,6.019,6.019,6.019,6.019,5.993947982788086,5.98975944519043,5.987817764282227,6.031126560947715,6.004468630028508,5.948089122772217,5.955326080322266,5.949288962382951,6.0075483322143555,6.009415626525879,6.025089107258331,5.938179969787598
6.015,6.015,6.015,6.015,6.015,6.015,6.015,6.015,6.015,6.015,6.015,6.015,5.993947982788086,5.98975944519043,5.987817764282227,6.03341827103202,5.9991755291989115,5.948089122772217,5.955326080322266,5.9544191664482415,6.0075483322143555,6.009415626525879,6.023600853160724,5.933073043823242
5.989,5.989,5.989,5.989,5.989,5.989,5.989,5.989,5.989,5.989,5.989,5.989,5.991873264312744,5.990069389343262,5.9931135177612305,6.062598649487052,6.00696096963615,5.975549221038818,5.973091125488281,6.007661054021246,6.0075483322143555,6.009415626525879,6.019662073836376,5.933073043823242
5.987,5.987,5.987,5.987,5.987,5.987,5.987,5.987,5.987,5.987,5.987,5.987,5.990637302398682,5.9895548820495605,5.992354869842529,6.0539590691131755,6.005661149478651,5.970900058746338,5.972982406616211,6.001329631159464,6.003079414367676,6.003332614898682,5.999192640336179,5.93638801574707
5.727,5.727,5.727,5.727,5.727,5.727,5.727,5.727,5.727,5.727,5.727,5.727,5.7044243812561035,5.707632541656494,5.712822914123535,5.695219556429747,5.7980232705496375,5.707012176513672,5.697455406188965,5.688049735482256,5.813739776611328,5.814622402191162,5.841070097008487,5.857660293579102
5.719,5.719,5.719,5.719,5.719,5.719,5.719,5.719,5.719,5.719,5.719,5.719,5.680817127227783,5.677805423736572,5.684082984924316,5.69278470665658,5.769835900229024,5.712801456451416,5.732448577880859,5.714267957027018,5.813739776611328,5.814622402191162,5.7958050644713905,5.857660293579102
5.716,5.716,5.716,5.716,5.716,5.716,5.716,5.716,5.716,5.716,5.716,5.716,5.656015396118164,5.6576457023620605,5.661711692810059,5.675187956964104,5.659041783926266,5.711185932159424,5.7215752601623535,5.6972735548774835,5.779089450836182,5.776191711425781,5.6500491200152725,5.8536481857299805
5.772,5.772,5.772,5.772,5.772,5.772,5.772,5.772,5.772,5.772,5.772,5.772,5.674123764038086,5.6727519035339355,5.677061080932617,5.6755017122999725,5.621369550205242,5.728384494781494,5.741308689117432,5.705303075908278,5.771838188171387,5.767922401428223,5.646768747299451,5.864473342895508
5.692,5.692,5.692,5.692,5.692,5.692,5.692,5.692,5.692,5.692,5.692,5.692,5.6317315101623535,5.641250133514404,5.642085075378418,5.6541486643804095,5.610068615500586,5.671066761016846,5.679779529571533,5.67627182370004,5.783829689025879,5.78380823135376,5.713849936901843,5.859142303466797
5.467,5.467,5.467,5.467,5.467,5.467,5.467,5.467,5.467,5.467,5.467,5.467,5.679052352905273,5.681032180786133,5.673881530761719,5.682579760301611,5.571853208379719,5.726268768310547,5.742373943328857,5.731814013963493,5.771838188171387,5.770284652709961,5.822599302514693,5.859142303466797
5.901,5.901,5.901,5.901,5.901,5.901,5.901,5.901,5.901,5.901,5.901,5.901,5.65784215927124,5.65312385559082,5.65236759185791,5.654601480297917,5.726082271399206,5.672513008117676,5.6804280281066895,5.646269726053017,5.788161754608154,5.788012504577637,5.775924651036161,5.823610782623291
6.034,6.034,6.034,6.034,6.034,6.034,6.034,6.034,6.034,6.034,6.034,6.034,5.662473201751709,5.65363883972168,5.6530632972717285,5.6479265451072145,5.766634167334764,5.678255558013916,5.682889938354492,5.647251922426321,5.78717041015625,5.781909942626953,5.741588610720619,5.828941822052002
5.897,5.897,5.897,5.897,5.897,5.897,5.897,5.897,5.897,5.897,5.897,5.897,5.681529521942139,5.67816162109375,5.679788589477539,5.671132312569483,5.785017031263435,5.690129280090332,5.695664405822754,5.665944914835853,5.78717041015625,5.781909942626953,5.801837972420527,5.828941822052002
5.757,5.757,5.757,5.757,5.757,5.757,5.757,5.757,5.757,5.757,5.757,5.757,5.680337905883789,5.675377368927002,5.67576789855957,5.67370538727911,5.7528547571390405,5.6882219314575195,5.694265365600586,5.672571490694457,5.788161754608154,5.788012504577637,5.823119499260547,5.823610782623291
5.561,5.561,5.561,5.561,5.561,5.561,5.561,5.561,5.561,5.561,5.561,5.561,5.728364944458008,5.72623872756958,5.734736919403076,5.705714610364197,5.806579152993626,5.739152431488037,5.750439167022705,5.713870102610763,5.78717041015625,5.781909942626953,5.7507559054032775,5.824931621551514
6.024,6.024,6.024,6.024,6.024,6.024,6.024,6.024,6.024,6.024,6.024,6.024,5.998843669891357,6.000883102416992,6.000705718994141,5.985354015061089,6.017666679515279,5.949077606201172,5.9615302085876465,5.951475305566754,6.012770652770996,6.012149333953857,6.0131264524188115,5.971660614013672
6.017,6.017,6.017,6.017,6.017,6.017,6.017,6.017,6.017,6.017,6.017,6.017,5.994507312774658,5.993427753448486,5.993844509124756,6.004222833010562,6.017295069585758,5.9778523445129395,5.974989414215088,5.98696316524201,6.015113830566406,6.016108989715576,6.033399764509925,5.983144760131836
6.017,6.017,6.017,6.017,6.017,6.017,6.017,6.017,6.017,6.017,6.017,6.017,6.003175735473633,6.006964683532715,6.008926868438721,6.012986945978282,6.020243601158054,5.972095966339111,5.966048240661621,5.9899755625409306,6.017239570617676,6.018232345581055,6.036499416742868,5.978820323944092
6.018,6.018,6.018,6.018,6.018,6.018,6.018,6.018,6.018,6.018,6.018,6.018,5.998007297515869,5.999870777130127,6.001725196838379,6.020088808723428,6.016225054057914,5.978368759155273,5.977934837341309,6.007446125969365,6.0075483322143555,6.011918067932129,6.032941359890798,5.971302032470703
6.017,6.017,6.017,6.017,6.017,6.017,6.017,6.017,6.017,6.017,6.017,6.017,5.996108055114746,5.998482704162598,5.999329090118408,6.023171311989559,6.017330721813816,5.9704718589782715,5.971563339233398,6.009301687989488,6.0075483322143555,6.011918067932129,6.034121680975007,5.966195106506348
6.017,6.017,6.017,6.017,6.017,6.017,6.017,6.017,6.017,6.017,6.017,6.017,6.000250816345215,6.002033233642578,5.997079849243164,6.01427837426675,6.02078400256404,5.968070030212402,5.966048240661621,6.007294048256746,6.005422592163086,6.00979471206665,6.02453790966798,5.970519542694092
6.015,6.015,6.015,6.015,6.015,6.015,6.015,6.015,6.015,6.015,6.015,6.015,5.998007297515869,5.999870777130127,6.001725196838379,6.020088808723428,6.009595497668694,5.978368759155273,5.977934837341309,6.0170352644050435,6.0075483322143555,6.011918067932129,6.024523682037241,5.971302032470703
5.989,5.989,5.989,5.989,5.989,5.989,5.989,5.989,5.989,5.989,5.989,5.989,5.9969000816345215,5.995258808135986,5.997623443603516,6.008571659661085,5.995566649154479,5.967350482940674,5.967589378356934,5.994721575490836,6.003079414367676,6.003332614898682,6.015384514175536,5.936477184295654
5.652,5.652,5.652,5.652,5.652,5.652,5.652,5.652,5.652,5.652,5.652,5.652,5.614437580108643,5.601698875427246,5.607367515563965,5.456080962919517,5.355175777475759,5.436874866485596,5.443565845489502,5.374824451730568,5.780814170837402,5.798016548156738,5.488734586521029,5.462294578552246
5.803,5.803,5.803,5.803,5.803,5.803,5.803,5.803,5.803,5.803,5.803,5.803,5.656015396118164,5.6576457023620605,5.661711692810059,5.6715074876013984,5.76600132766274,5.718970775604248,5.728267192840576,5.702832585241685,5.771838188171387,5.770284652709961,5.817050501218665,5.8536481857299805
5.767,5.767,5.767,5.767,5.767,5.767,5.767,5.767,5.767,5.767,5.767,5.767,5.655477523803711,5.655796527862549,5.649997711181641,5.654268269453369,5.762812255411962,5.694194793701172,5.685903072357178,5.672924015293036,5.771838188171387,5.770284652709961,5.760952093644007,5.8536481857299805
5.654,5.654,5.654,5.654,5.654,5.654,5.654,5.654,5.654,5.654,5.654,5.654,5.688334941864014,5.691115379333496,5.689814567565918,5.693949091552824,5.679208664459807,5.713885307312012,5.707272052764893,5.707259029490263,5.783829689025879,5.78380823135376,5.65348861611533,5.8536481857299805
5.682,5.682,5.682,5.682,5.682,5.682,5.682,5.682,5.682,5.682,5.682,5.682,5.715822219848633,5.718177318572998,5.716322898864746,5.709854498716858,5.631927907867829,5.704647541046143,5.713573455810547,5.7085049619948265,5.813739776611328,5.814622402191162,5.685136080345075,5.859142303466797
5.494,5.494,5.494,5.494,5.494,5.494,5.494,5.494,5.494,5.494,5.494,5.494,5.715822219848633,5.718177318572998,5.716322898864746,5.709854498716858,5.600858721846203,5.704647541046143,5.713573455810547,5.710785729794399,5.813739776611328,5.814622402191162,5.688507059410858,5.859142303466797
5.451,5.451,5.451,5.451,5.451,5.451,5.451,5.451,5.451,5.451,5.451,5.451,5.700295925140381,5.708885192871094,5.702315330505371,5.69509525374888,5.580979216302665,5.73375129699707,5.72294807434082,5.721287655533571,5.771838188171387,5.767922401428223,5.767956464022717,5.864473342895508
5.383,5.383,5.383,5.383,5.383,5.383,5.383,5.383,5.383,5.383,5.383,5.383,5.658088207244873,5.660078048706055,5.6545209884643555,5.6581819593776315,5.574064545660165,5.692830562591553,5.685903072357178,5.683595280915231,5.779089450836182,5.776191711425781,5.844819880657975,5.859142303466797
5.475,5.475,5.475,5.475,5.475,5.475,5.475,5.475,5.475,5.475,5.475,5.475,5.69663667678833,5.697471618652344,5.695226669311523,5.693113817857335,5.800648927351814,5.691842079162598,5.685717582702637,5.6741719289615915,5.818675994873047,5.823237895965576,5.824323965281503,5.8451619148254395
6.017,6.017,6.017,6.017,6.017,6.017,6.017,6.017,6.017,6.017,6.017,6.017,5.9939141273498535,5.991779804229736,5.993085861206055,6.000539406485402,6.016414301463212,5.973203182220459,5.974989414215088,5.9700290879238205,6.012770652770996,6.012149333953857,6.013289318735543,5.973251819610596
6.017,6.017,6.017,6.017,6.017,6.017,6.017,6.017,6.017,6.017,6.017,6.017,6.003175735473633,6.006964683532715,6.008926868438721,6.0024527641318635,6.019290779903455,5.970523834228516,5.966048240661621,5.975436696133771,6.015113830566406,6.016108989715576,6.017278909675875,5.974270343780518
6.017,6.017,6.017,6.017,6.017,6.017,6.017,6.017,6.017,6.017,6.017,6.017,5.995150089263916,5.998420715332031,5.999160289764404,6.0118368771791015,6.026096037678088,5.982524871826172,5.9792351722717285,5.999353148015752,6.017239570617676,6.018232345581055,6.036589096806,5.970207214355469
6.02,6.02,6.02,6.02,6.02,6.02,6.02,6.02,6.02,6.02,6.02,6.02,5.9900994300842285,5.990052223205566,5.993192672729492,6.020002710414744,6.015418905700409,5.9778523445129395,5.972507953643799,6.011920722591647,6.005422592163086,6.00979471206665,6.032450128771033,5.970519542694092
6.017,6.017,6.017,6.017,6.017,6.017,6.017,6.017,6.017,6.017,6.017,6.017,5.9900994300842285,5.990052223205566,5.993192672729492,6.020002710414744,6.0153573347097495,5.9778523445129395,5.972507953643799,6.013664399061472,6.005422592163086,6.00979471206665,6.035818336984118,5.970519542694092
6.017,6.017,6.017,6.017,6.017,6.017,6.017,6.017,6.017,6.017,6.017,6.017,6.000250816345215,6.002033233642578,5.997079849243164,6.017789768215557,6.015099583780044,5.969642162322998,5.966048240661621,6.0176351333063565,6.0075483322143555,6.011918067932129,6.027340425616844,5.971302032470703
6.01,6.01,6.01,6.01,6.01,6.01,6.01,6.01,6.01,6.01,6.01,6.01,5.996108055114746,5.998482704162598,5.999329090118408,6.0208796019052535,6.006526457665522,5.9704718589782715,5.971563339233398,6.0207053883151325,6.0075483322143555,6.011918067932129,6.0244443151939295,5.971302032470703
5.99,5.99,5.99,5.99,5.99,5.99,5.99,5.99,5.99,5.99,5.99,5.99,5.9906206130981445,5.999947547912598,5.995393753051758,6.016167917841782,6.006224370533791,5.951803684234619,5.965035915374756,6.022856499388272,6.0075483322143555,6.011918067932129,6.0171026449462826,5.971302032470703
5.988,5.988,5.988,5.988,5.988,5.988,5.988,5.988,5.988,5.988,5.988,5.988,5.991230487823486,5.990069389343262,5.9931135177612305,6.059294546921241,6.000060690410825,5.982287406921387,5.980536937713623,6.018038777909952,6.005422592163086,6.0072922706604,6.005477043750971,5.937397480010986
5.585,5.585,5.585,5.585,5.585,5.585,5.585,5.585,5.585,5.585,5.585,5.585,5.899026393890381,5.895309925079346,5.877501964569092,6.13093902081366,5.764789635495976,5.814174175262451,5.844753265380859,5.906379528576188,5.917486667633057,5.90764856338501,5.730733086524439,5.839253902435303
5.14,5.14,5.14,5.14,5.14,5.14,5.14,5.14,5.14,5.14,5.14,5.14,5.731335639953613,5.738733291625977,5.742856502532959,5.628836277434774,5.3648486778947255,5.493876934051514,5.5148725509643555,5.510309432679608,5.821300029754639,5.837374687194824,5.462063917484481,5.466306686401367
5.541,5.541,5.541,5.541,5.541,5.541,5.541,5.541,5.541,5.541,5.541,5.541,5.670523643493652,5.666443824768066,5.661062240600586,5.495303578044091,5.390048184090076,5.467670440673828,5.473822593688965,5.406656145230143,5.780814170837402,5.795654296875,5.452270571293043,5.467625617980957
5.247,5.247,5.247,5.247,5.247,5.247,5.247,5.247,5.247,5.247,5.247,5.247,5.649280071258545,5.6385908126831055,5.632628440856934,5.482788084596821,5.374634230207816,5.451578140258789,5.458146572113037,5.403147354980858,5.780814170837402,5.798016548156738,5.54348788044453,5.462294578552246
5.222,5.222,5.222,5.222,5.222,5.222,5.222,5.222,5.222,5.222,5.222,5.222,5.666260242462158,5.667600631713867,5.676496982574463,5.5846151093674115,5.510173602061914,5.521002769470215,5.535606861114502,5.525903484883074,5.780814170837402,5.798016548156738,5.626160602834354,5.480832099914551
5.595,5.595,5.595,5.595,5.595,5.595,5.595,5.595,5.595,5.595,5.595,5.595,5.688334941864014,5.691115379333496,5.689814567565918,5.693949091552824,5.800301772539422,5.7230939865112305,5.694716453552246,5.694907888051002,5.783829689025879,5.78380823135376,5.848376985127745,5.819344520568848
6.01,6.01,6.01,6.01,6.01,6.01,6.01,6.01,6.01,6.01,6.01,6.01,5.637021541595459,5.638677597045898,5.639514446258545,5.638817774025249,5.7760024938048655,5.6863112449646,5.690072536468506,5.687131134521831,5.7970170974731445,5.788308620452881,5.853324723723742,5.883723258972168
5.915,5.915,5.915,5.915,5.915,5.915,5.915,5.915,5.915,5.915,5.915,5.915,5.648860454559326,5.654549598693848,5.652146339416504,5.65571442873901,5.739945253034251,5.712660312652588,5.718194961547852,5.708032193521527,5.771838188171387,5.767922401428223,5.758092213782905,5.858979225158691
5.57,5.57,5.57,5.57,5.57,5.57,5.57,5.57,5.57,5.57,5.57,5.57,5.6771111488342285,5.671901702880859,5.684763431549072,5.678898105058211,5.6208150153625605,5.731473922729492,5.714323043823242,5.715618222533308,5.783829689025879,5.78380823135376,5.644837384366506,5.8536481857299805
5.425,5.425,5.425,5.425,5.425,5.425,5.425,5.425,5.425,5.425,5.425,5.425,5.7044243812561035,5.707632541656494,5.712822914123535,5.695219556429747,5.600325795722907,5.731138706207275,5.7163262367248535,5.7217500230493865,5.813739776611328,5.814622402191162,5.676436865476387,5.859142303466797
5.662,5.662,5.662,5.662,5.662,5.662,5.662,5.662,5.662,5.662,5.662,5.662,5.6771111488342285,5.671901702880859,5.684763431549072,5.678898105058211,5.579486800043747,5.731473922729492,5.714323043823242,5.721486846855077,5.783829689025879,5.78380823135376,5.65832102257897,5.859142303466797
5.723,5.723,5.723,5.723,5.723,5.723,5.723,5.723,5.723,5.723,5.723,5.723,5.680817127227783,5.677805423736572,5.684082984924316,5.69278470665658,5.5948402517013145,5.711949348449707,5.718050003051758,5.726885780732248,5.813739776611328,5.814622402191162,5.827866193447691,5.859142303466797
5.756,5.756,5.756,5.756,5.756,5.756,5.756,5.756,5.756,5.756,5.756,5.756,5.702803611755371,5.705028057098389,5.7027587890625,5.691923723884108,5.766610433348213,5.725119113922119,5.720589637756348,5.69015776059539,5.78717041015625,5.784272193908691,5.760001526945835,5.8451619148254395
5.774,5.774,5.774,5.774,5.774,5.774,5.774,5.774,5.774,5.774,5.774,5.774,5.685146331787109,5.687390327453613,5.68840217590332,5.673147395698068,5.560927278768032,5.703651428222656,5.70241117477417,5.700190216189011,5.812349319458008,5.802296161651611,5.5988701511825205,5.832540988922119
5.731,5.731,5.731,5.731,5.731,5.731,5.731,5.731,5.731,5.731,5.731,5.731,5.712975978851318,5.709445953369141,5.709810733795166,5.708924493339526,5.579761816619991,5.744078159332275,5.723964691162109,5.734833638908821,5.78717041015625,5.784272193908691,5.594132645169989,5.805114269256592
6.017,6.017,6.017,6.017,6.017,6.017,6.017,6.017,6.017,6.017,6.017,6.017,6.003175735473633,6.006964683532715,6.008926868438721,6.009475552029476,6.0174587971957205,5.9792656898498535,5.977421760559082,5.990572985759231,6.017239570617676,6.018232345581055,6.019408935485933,5.975052833557129
6.017,6.017,6.017,6.017,6.017,6.017,6.017,6.017,6.017,6.017,6.017,6.017,5.99853515625,5.998482704162598,6.002284049987793,6.0076203010478855,6.012126795790815,5.9941253662109375,5.976773262023926,5.977910437134568,6.017239570617676,6.018232345581055,6.019817791388254,5.96133279800415
6.017,6.017,6.017,6.017,6.017,6.017,6.017,6.017,6.017,6.017,6.017,6.017,5.998843669891357,6.000883102416992,6.000705718994141,5.996395423149204,6.008681907491681,5.962113380432129,5.967197895050049,5.982714786761283,6.015113830566406,6.016108989715576,6.017925516552413,5.983144760131836
6.028,6.028,6.028,6.028,6.028,6.028,6.028,6.028,6.028,6.028,6.028,6.028,5.998843669891357,6.003194808959961,6.000705718994141,6.003756361874614,6.022676575271364,5.967800617218018,5.967197895050049,6.007359658203708,6.017239570617676,6.018232345581055,6.041835427934086,5.978820323944092
6.018,6.018,6.018,6.018,6.018,6.018,6.018,6.018,6.018,6.018,6.018,6.018,5.9906206130981445,5.999947547912598,5.995393753051758,6.019848387204487,6.021109056197542,5.963387966156006,5.965035915374756,6.024625989060507,6.0075483322143555,6.011918067932129,6.0373460452051075,5.966195106506348
6.017,6.017,6.017,6.017,6.017,6.017,6.017,6.017,6.017,6.017,6.017,6.017,5.996108055114746,5.998482704162598,5.999329090118408,6.023171311989559,6.021316543341977,5.981331825256348,5.977270126342773,6.027617017360699,6.0075483322143555,6.011918067932129,6.038504989966742,5.966195106506348
5.006,5.006,5.006,5.006,5.006,5.006,5.006,5.006,5.006,5.006,5.006,5.006,5.653768062591553,5.652137756347656,5.658489227294922,5.668337597618083,5.390570414287644,5.511683464050293,5.515888690948486,5.57034737249142,5.766274452209473,5.789895057678223,5.562024497807813,5.600092887878418
5.173,5.173,5.173,5.173,5.173,5.173,5.173,5.173,5.173,5.173,5.173,5.173,5.679006099700928,5.673737525939941,5.677116394042969,5.681003566059562,5.3110057772784165,5.451578140258789,5.458146572113037,5.551432830019193,5.759894847869873,5.765942573547363,5.492282506640353,5.566568374633789
5.581,5.581,5.581,5.581,5.581,5.581,5.581,5.581,5.581,5.581,5.581,5.581,5.692372798919678,5.682914733886719,5.684148788452148,5.678269370173943,5.320484606145162,5.511075496673584,5.502548694610596,5.560816398870494,5.766274452209473,5.789895057678223,5.5198350165014745,5.588040351867676
5.474,5.474,5.474,5.474,5.474,5.474,5.474,5.474,5.474,5.474,5.474,5.474,5.645228385925293,5.640659332275391,5.637543678283691,5.658207049122872,5.34462324130356,5.451699733734131,5.443565845489502,5.536341579865528,5.748624324798584,5.76122522354126,5.491970779735877,5.58175802230835
6.067,6.067,6.067,6.067,6.067,6.067,6.067,6.067,6.067,6.067,6.067,6.067,5.795318603515625,5.801583290100098,5.794680118560791,5.802015572050777,5.821432577084282,5.781472206115723,5.771265983581543,5.784603328228368,5.870720386505127,5.90047550201416,5.926463859135008,5.840855121612549
6.03,6.03,6.03,6.03,6.03,6.03,6.03,6.03,6.03,6.03,6.03,6.03,5.837485313415527,5.850780487060547,5.8417134284973145,5.836799659261167,5.97301173403945,5.837128162384033,5.81596565246582,5.822430877492346,5.870720386505127,5.90047550201416,5.996512202382904,5.861092567443848
5.895,5.895,5.895,5.895,5.895,5.895,5.895,5.895,5.895,5.895,5.895,5.895,5.784005641937256,5.792194366455078,5.785850524902344,5.804475905474471,5.7903066802863465,5.782277584075928,5.780615329742432,5.8017343013437905,5.845977306365967,5.872654914855957,5.917821869959784,5.839620590209961
5.552,5.552,5.552,5.552,5.552,5.552,5.552,5.552,5.552,5.552,5.552,5.552,5.771049976348877,5.771158695220947,5.7762131690979,5.776624123961893,5.68326413488536,5.802321434020996,5.8170928955078125,5.802970282300753,5.845977306365967,5.872654914855957,5.858498446192716,5.839620590209961
5.705,5.705,5.705,5.705,5.705,5.705,5.705,5.705,5.705,5.705,5.705,5.705,5.7976579666137695,5.802296161651611,5.807095527648926,5.788761200671595,5.689087256846435,5.833300590515137,5.844298839569092,5.814411164255052,5.870720386505127,5.90047550201416,5.8089780653214405,5.861092567443848
5.55,5.55,5.55,5.55,5.55,5.55,5.55,5.55,5.55,5.55,5.55,5.55,5.837485313415527,5.850780487060547,5.8417134284973145,5.836799659261167,5.815658121780127,5.832632064819336,5.81596565246582,5.830558355477537,5.870720386505127,5.90047550201416,5.784627948393992,5.857701778411865
5.913,5.913,5.913,5.913,5.913,5.913,5.913,5.913,5.913,5.913,5.913,5.913,5.827453136444092,5.824995517730713,5.827972412109375,5.82900705849238,5.794203337267894,5.82140588760376,5.812083721160889,5.823700667174366,5.872707366943359,5.90047550201416,5.7722026029785205,5.857701778411865
5.895,5.895,5.895,5.895,5.895,5.895,5.895,5.895,5.895,5.895,5.895,5.895,5.791236400604248,5.7944111824035645,5.796049118041992,5.796164962641343,5.788593154862517,5.799899578094482,5.810306072235107,5.791362319598091,5.89724063873291,5.910762786865234,5.890097424931301,5.834933280944824
5.61,5.61,5.61,5.61,5.61,5.61,5.61,5.61,5.61,5.61,5.61,5.61,5.849850654602051,5.8463358879089355,5.847299098968506,5.848357417804814,5.691487374495198,5.7988600730896,5.795058250427246,5.8247630686459875,5.895253658294678,5.910762786865234,5.867732719960756,5.829779148101807
5.779,5.779,5.779,5.779,5.779,5.779,5.779,5.779,5.779,5.779,5.779,5.779,5.816669464111328,5.8125433921813965,5.818695068359375,5.81791151583433,5.68527340895678,5.7667412757873535,5.7613725662231445,5.792901255894968,5.895253658294678,5.910762786865234,5.841141592639904,5.829779148101807
6.027,6.027,6.027,6.027,6.027,6.027,6.027,6.027,6.027,6.027,6.027,6.027,6.027596950531006,6.029849052429199,6.025432109832764,6.012042022522181,6.03040734824988,6.001099586486816,6.0014190673828125,5.96319103491976,6.028744220733643,6.029336452484131,6.05149141137406,5.979247093200684
6.017,6.017,6.017,6.017,6.017,6.017,6.017,6.017,6.017,6.017,6.017,6.017,6.022111415863037,6.02764892578125,6.022553443908691,6.000469315997294,6.023445430191776,5.999759674072266,5.9977288246154785,5.946757955130194,6.027956008911133,6.029336452484131,6.046074856466671,5.979247093200684
6.017,6.017,6.017,6.017,6.017,6.017,6.017,6.017,6.017,6.017,6.017,6.017,6.025513648986816,6.021437168121338,6.023222923278809,6.009804507250085,6.016646008263621,5.992545127868652,5.994292736053467,5.9575591888221675,6.028744220733643,6.029336452484131,6.036825179450219,5.979247093200684
6.065,6.065,6.065,6.065,6.065,6.065,6.065,6.065,6.065,6.065,6.065,6.065,6.020862579345703,6.021582126617432,6.021566390991211,6.018195548474402,6.040480889389992,5.966107368469238,5.971886157989502,5.965055846105494,6.028744220733643,6.029336452484131,6.054128555474729,5.979247093200684
6.053,6.053,6.053,6.053,6.053,6.053,6.053,6.053,6.053,6.053,6.053,6.053,6.010247230529785,6.013391971588135,6.0111494064331055,6.017611026709993,6.033740526626055,5.992532253265381,5.98818826675415,5.990371768702545,6.018906593322754,6.013278961181641,6.039937401387356,5.9732465744018555
5.987,5.987,5.987,5.987,5.987,5.987,5.987,5.987,5.987,5.987,5.987,5.987,5.951297283172607,5.961503028869629,5.958608627319336,6.028887595850645,5.961599314478207,5.949438571929932,5.948967456817627,5.960570807614806,5.997310161590576,6.002819061279297,5.984482934799037,5.933051586151123
5.585,5.585,5.585,5.585,5.585,5.585,5.585,5.585,5.585,5.585,5.585,5.585,5.8575310707092285,5.882073879241943,5.8754987716674805,5.497442515399573,5.746357600908096,5.885683059692383,5.835505485534668,5.436389328488714,5.842864513397217,5.859330654144287,5.7154608081467835,5.840024471282959
5.223,5.223,5.223,5.223,5.223,5.223,5.223,5.223,5.223,5.223,5.223,5.223,5.7375969886779785,5.735130310058594,5.734038829803467,5.717936268300422,5.455440168680893,5.494467735290527,5.4896345138549805,5.564586507833948,5.7694525718688965,5.763893127441406,5.616141103901854,5.582386016845703
5.146,5.146,5.146,5.146,5.146,5.146,5.146,5.146,5.146,5.146,5.146,5.146,5.653768062591553,5.652137756347656,5.658489227294922,5.668337597618083,5.450521818914533,5.511683464050293,5.515888690948486,5.574755826417595,5.766274452209473,5.789895057678223,5.6186270053113425,5.600092887878418
5.347,5.347,5.347,5.347,5.347,5.347,5.347,5.347,5.347,5.347,5.347,5.347,5.680028438568115,5.687841892242432,5.681894779205322,5.6782885393670695,5.358325694715271,5.467670440673828,5.473822593688965,5.559388114229584,5.766274452209473,5.789895057678223,5.598588425448416,5.588040351867676
5.294,5.294,5.294,5.294,5.294,5.294,5.294,5.294,5.294,5.294,5.294,5.294,5.692372798919678,5.682914733886719,5.684148788452148,5.678269370173943,5.382033487653824,5.538201332092285,5.523283004760742,5.5891402053912,5.766274452209473,5.789895057678223,5.53978892134045,5.603229999542236
5.906,5.906,5.906,5.906,5.906,5.906,5.906,5.906,5.906,5.906,5.906,5.906,5.640697956085205,5.637674808502197,5.642851829528809,5.662170950017932,5.77886287635419,5.760761260986328,5.760577201843262,5.714746053366469,5.738350868225098,5.752237319946289,5.893885368771217,5.775843620300293
5.685,5.685,5.685,5.685,5.685,5.685,5.685,5.685,5.685,5.685,5.685,5.685,5.771049976348877,5.772018909454346,5.777005195617676,5.778672188504686,5.809255857376271,5.807302951812744,5.82051944732666,5.809301218939604,5.85051155090332,5.872654914855957,5.982639023252591,5.839620590209961
5.337,5.337,5.337,5.337,5.337,5.337,5.337,5.337,5.337,5.337,5.337,5.337,5.838183403015137,5.849710941314697,5.840632915496826,5.846793584607341,5.757545551880851,5.840111255645752,5.834510326385498,5.8483886667412674,5.85051155090332,5.872654914855957,5.93086685012007,5.839620590209961
5.716,5.716,5.716,5.716,5.716,5.716,5.716,5.716,5.716,5.716,5.716,5.716,5.8315110206604,5.837996482849121,5.838155269622803,5.8451398953372085,5.661790868525372,5.820384979248047,5.805648326873779,5.830931956548479,5.85051155090332,5.872262477874756,5.870038254857644,5.8392333984375
5.91,5.91,5.91,5.91,5.91,5.91,5.91,5.91,5.91,5.91,5.91,5.91,5.842631816864014,5.839995384216309,5.842486381530762,5.8546663900165985,5.834369259968815,5.813443660736084,5.795886039733887,5.832449542024408,5.835466384887695,5.859019756317139,5.792820936645614,5.835389614105225
5.818,5.818,5.818,5.818,5.818,5.818,5.818,5.818,5.818,5.818,5.818,5.818,5.762430191040039,5.775701522827148,5.761250019073486,5.7924756425293715,5.9211453318953415,5.801546573638916,5.805941104888916,5.82647626863566,5.845977306365967,5.872654914855957,5.851748096476115,5.8362298011779785
6.047,6.047,6.047,6.047,6.047,6.047,6.047,6.047,6.047,6.047,6.047,6.047,5.805929183959961,5.816960334777832,5.812965393066406,5.822616759725112,6.045442037303024,5.808963775634766,5.8058247566223145,5.841133327305226,5.85051155090332,5.872262477874756,5.878556269714485,5.835842609405518
6.094,6.094,6.094,6.094,6.094,6.094,6.094,6.094,6.094,6.094,6.094,6.094,5.833488941192627,5.8347344398498535,5.83308744430542,5.841843800638205,6.0356995733360606,5.818964958190918,5.8138813972473145,5.804824430388422,5.883957862854004,5.898828983306885,5.954707165946628,5.826749801635742
5.955,5.955,5.955,5.955,5.955,5.955,5.955,5.955,5.955,5.955,5.955,5.955,5.811861038208008,5.807184219360352,5.809865474700928,5.818080139173718,5.6871315544975065,5.768219947814941,5.787017345428467,5.788503275605795,5.883957862854004,5.898828983306885,5.8747334585687945,5.8134613037109375
5.747,5.747,5.747,5.747,5.747,5.747,5.747,5.747,5.747,5.747,5.747,5.747,5.811861038208008,5.807184219360352,5.809865474700928,5.818080139173718,5.733152149701721,5.765085697174072,5.761081695556641,5.7814040749916495,5.883957862854004,5.898828983306885,5.893167000020288,5.817461013793945
5.788,5.788,5.788,5.788,5.788,5.788,5.788,5.788,5.788,5.788,5.788,5.788,5.834248065948486,5.835249423980713,5.833783149719238,5.838680259396309,5.8936599725605845,5.805366039276123,5.802493572235107,5.810181420736663,5.883957862854004,5.898828983306885,5.956293487512482,5.8196210861206055
6.056,6.056,6.056,6.056,6.056,6.056,6.056,6.056,6.056,6.056,6.056,6.056,5.844196796417236,5.834482669830322,5.840254306793213,5.837474082991758,5.860555952945904,5.825145244598389,5.81343936920166,5.827265408036416,5.895253658294678,5.910762786865234,5.895104942465912,5.834933280944824
5.687,5.687,5.687,5.687,5.687,5.687,5.687,5.687,5.687,5.687,5.687,5.687,5.834248065948486,5.835803985595703,5.833339691162109,5.831435742220132,5.895627803273477,5.807969093322754,5.803960800170898,5.812698145450249,5.895253658294678,5.910762786865234,5.936303204917376,5.834933280944824
5.688,5.688,5.688,5.688,5.688,5.688,5.688,5.688,5.688,5.688,5.688,5.688,5.847364902496338,5.84378719329834,5.844671726226807,5.8507242007966695,5.635847535056395,5.801147937774658,5.788490295410156,5.832371652007951,5.89724063873291,5.910762786865234,5.873579938060286,5.829779148101807
5.537,5.537,5.537,5.537,5.537,5.537,5.537,5.537,5.537,5.537,5.537,5.537,5.820058345794678,5.8125433921813965,5.818695068359375,5.81332809566572,5.670441999885131,5.775693893432617,5.769506931304932,5.800307622535316,5.895253658294678,5.910762786865234,5.836086982149963,5.829779148101807
6.017,6.017,6.017,6.017,6.017,6.017,6.017,6.017,6.017,6.017,6.017,6.017,6.024314880371094,6.02764892578125,6.025773048400879,6.012613300089805,6.019959044455131,6.001331806182861,6.012759685516357,5.966895098877114,6.028744220733643,6.029336452484131,6.0354304590136065,5.979247093200684
6.017,6.017,6.017,6.017,6.017,6.017,6.017,6.017,6.017,6.017,6.017,6.017,6.014957904815674,6.009852886199951,6.00867223739624,5.997489813132351,6.0150185681210235,6.003384590148926,6.002875804901123,5.978541173729734,6.028744220733643,6.029336452484131,6.026248665340242,5.979247093200684
6.017,6.017,6.017,6.017,6.017,6.017,6.017,6.017,6.017,6.017,6.017,6.017,6.025022506713867,6.025922775268555,6.021317005157471,6.0065816573354205,6.016286883318513,6.001099586486816,5.994875907897949,5.970758708095566,6.028744220733643,6.029336452484131,6.020691670984111,5.979247093200684
6.017,6.017,6.017,6.017,6.017,6.017,6.017,6.017,6.017,6.017,6.017,6.017,6.025022506713867,6.025922775268555,6.021317005157471,6.0065816573354205,6.016756161654519,6.001099586486816,5.994875907897949,5.973955087574112,6.028744220733643,6.029336452484131,6.020288178999264,5.979247093200684
6.041,6.041,6.041,6.041,6.041,6.041,6.041,6.041,6.041,6.041,6.041,6.041,6.018946647644043,6.023420810699463,6.020735263824463,6.010419046165618,6.035198847596599,5.987154006958008,5.994569778442383,5.981113275332989,6.028744220733643,6.029336452484131,6.044684832978985,5.979247093200684
6.019,6.019,6.019,6.019,6.019,6.019,6.019,6.019,6.019,6.019,6.019,6.019,6.019195079803467,6.013636589050293,6.013450622558594,6.021946847766344,6.040405527025229,5.983970642089844,5.989264488220215,6.000496932236942,6.018906593322754,6.013278961181641,6.030928171485993,5.9732465744018555
5.987,5.987,5.987,5.987,5.987,5.987,5.987,5.987,5.987,5.987,5.987,5.987,6.006348133087158,6.007362365722656,6.0019073486328125,5.976292842552764,6.002438839911271,5.959149360656738,5.970416069030762,5.979193252690965,6.007142543792725,6.002060413360596,6.00570693877692,5.959281921386719
5.643,5.643,5.643,5.643,5.643,5.643,5.643,5.643,5.643,5.643,5.643,5.643,5.644569396972656,5.644301414489746,5.641194820404053,5.663544014131858,5.446728525975533,5.443798542022705,5.4517059326171875,5.545730392931032,5.759894847869873,5.765942573547363,5.67100491905845,5.578620910644531
5.678,5.678,5.678,5.678,5.678,5.678,5.678,5.678,5.678,5.678,5.678,5.678,5.671838283538818,5.666218280792236,5.658903121948242,5.670195523587642,5.432420839705228,5.451578140258789,5.458146572113037,5.5573315821646165,5.748624324798584,5.76122522354126,5.630819250715216,5.566568374633789
5.014,5.014,5.014,5.014,5.014,5.014,5.014,5.014,5.014,5.014,5.014,5.014,5.697743892669678,5.687384605407715,5.69728946685791,5.704581251764555,5.387336285463068,5.497386932373047,5.480509281158447,5.58257387305351,5.759894847869873,5.765942573547363,5.442363765665204,5.566568374633789
5.05,5.05,5.05,5.05,5.05,5.05,5.05,5.05,5.05,5.05,5.05,5.05,5.643308639526367,5.641956329345703,5.647375106811523,5.666084639942195,5.427417022912952,5.483668804168701,5.493979454040527,5.582577487254903,5.748624324798584,5.76122522354126,5.573166655364449,5.58175802230835
5.609,5.609,5.609,5.609,5.609,5.609,5.609,5.609,5.609,5.609,5.609,5.609,5.644569396972656,5.644301414489746,5.641194820404053,5.663544014131858,5.764383767653643,5.719752311706543,5.774240970611572,5.7252847373948965,5.759894847869873,5.765942573547363,5.9681205853308805,5.755606174468994
5.831,5.831,5.831,5.831,5.831,5.831,5.831,5.831,5.831,5.831,5.831,5.831,5.697743892669678,5.687384605407715,5.69728946685791,5.704581251764555,5.895072522675494,5.808939456939697,5.797443389892578,5.752778176064131,5.759894847869873,5.765942573547363,6.030941001947038,5.775456428527832
6.138,6.138,6.138,6.138,6.138,6.138,6.138,6.138,6.138,6.138,6.138,6.138,5.761224746704102,5.7635064125061035,5.76383113861084,5.773737211284173,5.7954590559980135,5.813846111297607,5.8166913986206055,5.8189795611953095,5.85051155090332,5.872262477874756,6.03355610816738,5.835842609405518
6.074,6.074,6.074,6.074,6.074,6.074,6.074,6.074,6.074,6.074,6.074,6.074,5.803033351898193,5.806426048278809,5.808629512786865,5.78787614195766,5.9825060140022375,5.852775573730469,5.8477253913879395,5.826475817683415,5.870720386505127,5.90047550201416,6.062741795512786,5.857701778411865
6.068,6.068,6.068,6.068,6.068,6.068,6.068,6.068,6.068,6.068,6.068,6.068,5.7836737632751465,5.798867225646973,5.784846782684326,5.802572617910235,6.0560397257136565,5.837825298309326,5.825605392456055,5.841887747440458,5.872707366943359,5.90047550201416,6.0564087656155605,5.857701778411865
5.4,5.4,5.4,5.4,5.4,5.4,5.4,5.4,5.4,5.4,5.4,5.4,5.833488941192627,5.8347344398498535,5.83308744430542,5.841843800638205,5.770589770239829,5.8411383628845215,5.834014415740967,5.832219188546601,5.883957862854004,5.898828983306885,5.811817689617968,5.8134613037109375
5.596,5.596,5.596,5.596,5.596,5.596,5.596,5.596,5.596,5.596,5.596,5.596,5.858242988586426,5.859050273895264,5.857052803039551,5.8679561472911566,5.853263998276391,5.8341851234436035,5.806975841522217,5.840659572583844,5.881243705749512,5.896491527557373,5.8845856203682905,5.817073822021484
5.977,5.977,5.977,5.977,5.977,5.977,5.977,5.977,5.977,5.977,5.977,5.977,5.7863640785217285,5.786615371704102,5.790302753448486,5.801410571883335,5.881852384798256,5.780505657196045,5.777155876159668,5.79155938925572,5.883957862854004,5.898828983306885,5.916490358066745,5.8196210861206055
6.012,6.012,6.012,6.012,6.012,6.012,6.012,6.012,6.012,6.012,6.012,6.012,5.836915969848633,5.835803985595703,5.835225582122803,5.828867293751673,5.936607732710748,5.851408004760742,5.84246301651001,5.837977840926229,5.895253658294678,5.910762786865234,5.945411611533114,5.834933280944824
5.763,5.763,5.763,5.763,5.763,5.763,5.763,5.763,5.763,5.763,5.763,5.763,5.849850654602051,5.8463358879089355,5.847299098968506,5.844676948442109,5.837116386886732,5.829064846038818,5.823896408081055,5.845667256146207,5.895253658294678,5.910762786865234,5.915388866625627,5.834933280944824
5.666,5.666,5.666,5.666,5.666,5.666,5.666,5.666,5.666,5.666,5.666,5.666,5.807607650756836,5.809781074523926,5.813899517059326,5.811507547264199,5.7672866677705485,5.788052558898926,5.769392967224121,5.796134232163514,5.89724063873291,5.910762786865234,5.872705613069435,5.834933280944824
5.443,5.443,5.443,5.443,5.443,5.443,5.443,5.443,5.443,5.443,5.443,5.443,5.834248065948486,5.835249423980713,5.833783149719238,5.838680259396309,5.6945190295478465,5.828091144561768,5.822074890136719,5.837300328598822,5.883957862854004,5.898828983306885,5.819996127621537,5.814466953277588
5.486,5.486,5.486,5.486,5.486,5.486,5.486,5.486,5.486,5.486,5.486,5.486,5.811861038208008,5.807184219360352,5.809865474700928,5.818080139173718,5.666701826227704,5.771560192108154,5.753885269165039,5.80607701483034,5.883957862854004,5.898828983306885,5.8432283360936985,5.814466953277588
6.017,6.017,6.017,6.017,6.017,6.017,6.017,6.017,6.017,6.017,6.017,6.017,6.018946647644043,6.023420810699463,6.020735263824463,6.010419046165618,6.018958833810276,6.002927780151367,6.010222911834717,5.979527279879991,6.028744220733643,6.029336452484131,6.026509236739811,5.979247093200684
6.017,6.017,6.017,6.017,6.017,6.017,6.017,6.017,6.017,6.017,6.017,6.017,6.014957904815674,6.013224124908447,6.012279033660889,6.002597313830485,6.0176910134449,6.019242286682129,6.002875804901123,5.9868553942020775,6.028744220733643,6.029336452484131,6.023903893580507,5.979247093200684
6.017,6.017,6.017,6.017,6.017,6.017,6.017,6.017,6.017,6.017,6.017,6.017,6.024314880371094,6.02764892578125,6.02532958984375,6.008880176862435,6.017585858058198,6.033173084259033,6.043250560760498,5.994264732294499,6.028744220733643,6.029336452484131,6.020101373073046,5.979247093200684
6.017,6.017,6.017,6.017,6.017,6.017,6.017,6.017,6.017,6.017,6.017,6.017,6.034029483795166,6.031637191772461,6.039278507232666,6.02470742947993,6.025674122691449,6.004642963409424,5.997030258178711,5.986846185736274,6.039017677307129,6.032743453979492,6.02333216358171,5.979247093200684
6.017,6.017,6.017,6.017,6.017,6.017,6.017,6.017,6.017,6.017,6.017,6.017,6.025513648986816,6.021437168121338,6.023222923278809,6.009804507250085,6.017742831418737,6.009086608886719,6.005031108856201,5.990127559683613,6.028744220733643,6.029336452484131,6.024302244691979,5.979247093200684
5.987,5.987,5.987,5.987,5.987,5.987,5.987,5.987,5.987,5.987,5.987,5.987,6.0038909912109375,6.001396179199219,6.003507614135742,5.997796886840675,6.004623439714611,5.993414878845215,5.98242712020874,5.999816170472069,6.007142543792725,6.002060413360596,6.01115532734701,5.959281921386719
5.988,5.988,5.988,5.988,5.988,5.988,5.988,5.988,5.988,5.988,5.988,5.988,6.001830101013184,6.005590438842773,6.0025153160095215,6.001384136526305,5.996128472102935,5.98471736907959,5.972743511199951,6.0073221325386905,6.007142543792725,6.002060413360596,6.000436444185802,5.959281921386719
5.63,5.63,5.63,5.63,5.63,5.63,5.63,5.63,5.63,5.63,5.63,5.63,5.643308639526367,5.641956329345703,5.647375106811523,5.666084639942195,5.65474514799587,5.557107448577881,5.55513334274292,5.605357150243517,5.545757293701172,5.539597511291504,5.350443638989903,5.467060565948486
5.806,5.806,5.806,5.806,5.806,5.806,5.806,5.806,5.806,5.806,5.806,5.806,5.651476860046387,5.6628265380859375,5.6508870124816895,5.679088314492139,5.594513204276515,5.522646427154541,5.540242671966553,5.603304083656965,5.545757293701172,5.539597511291504,5.341287201605441,5.467060565948486
5.728,5.728,5.728,5.728,5.728,5.728,5.728,5.728,5.728,5.728,5.728,5.728,5.680028438568115,5.687841892242432,5.681894779205322,5.6782885393670695,5.611351682021572,5.544450283050537,5.532797813415527,5.595907317298401,5.545757293701172,5.56022310256958,5.372599161443485,5.488453388214111
5.641,5.641,5.641,5.641,5.641,5.641,5.641,5.641,5.641,5.641,5.641,5.641,5.7375969886779785,5.735130310058594,5.734038829803467,5.717936268300422,5.302214773690243,5.571259021759033,5.578866958618164,5.638273729708114,5.556218147277832,5.549424648284912,5.266084996727389,5.471443176269531
5.236,5.236,5.236,5.236,5.236,5.236,5.236,5.236,5.236,5.236,5.236,5.236,5.644569396972656,5.644301414489746,5.641194820404053,5.663544014131858,5.323278428575246,5.562814235687256,5.559272289276123,5.620905559164414,5.546082019805908,5.540067195892334,5.25069354394072,5.471443176269531
5.529,5.529,5.529,5.529,5.529,5.529,5.529,5.529,5.529,5.529,5.529,5.529,5.672658443450928,5.663464546203613,5.671384811401367,5.679839181163318,5.38033770211862,5.53554105758667,5.526479244232178,5.613261294339983,5.556218147277832,5.549424648284912,5.325652302955702,5.486490726470947
5.681,5.681,5.681,5.681,5.681,5.681,5.681,5.681,5.681,5.681,5.681,5.681,5.643771171569824,5.64117431640625,5.63823938369751,5.655043507880975,5.569246993027456,5.584917068481445,5.5604777336120605,5.623291392078086,5.545757293701172,5.539597511291504,5.452038424825615,5.486490726470947
6.028,6.028,6.028,6.028,6.028,6.028,6.028,6.028,6.028,6.028,6.028,6.028,5.689855098724365,5.6884846687316895,5.686675071716309,5.690573919894138,5.8873383279452804,5.867964744567871,5.901357173919678,5.806582927933994,5.546082019805908,5.540067195892334,5.547155721350667,5.680098533630371
5.977,5.977,5.977,5.977,5.977,5.977,5.977,5.977,5.977,5.977,5.977,5.977,5.645228385925293,5.640659332275391,5.637543678283691,5.658207049122872,6.017324287481891,5.898996829986572,5.8943305015563965,5.795421829166292,5.545757293701172,5.539597511291504,5.633892274585509,5.715240478515625
6.071,6.071,6.071,6.071,6.071,6.071,6.071,6.071,6.071,6.071,6.071,6.071,5.649818420410156,5.637181282043457,5.643011569976807,5.668859025373552,5.89409458401966,5.83314847946167,5.825082778930664,5.76537095932467,5.556218147277832,5.549424648284912,5.631403220169241,5.704813480377197
6.288,6.288,6.288,6.288,6.288,6.288,6.288,6.288,6.288,6.288,6.288,6.288,5.784120082855225,5.785621643066406,5.790101051330566,5.78191601379532,6.061206499202002,5.896396636962891,5.891610622406006,5.858476330134604,5.742269039154053,5.75560188293457,6.027421805440145,5.801153659820557
6.236,6.236,6.236,6.236,6.236,6.236,6.236,6.236,6.236,6.236,6.236,6.236,5.7863640785217285,5.786615371704102,5.790302753448486,5.801410571883335,6.099871569114229,5.905925273895264,5.888430118560791,5.831534030187665,5.747405052185059,5.7433390617370605,6.015331950292767,5.763498306274414
5.463,5.463,5.463,5.463,5.463,5.463,5.463,5.463,5.463,5.463,5.463,5.463,5.858242988586426,5.859050273895264,5.857052803039551,5.8679561472911566,5.817674463580512,5.94865608215332,5.9373345375061035,5.912391733023572,5.747729778289795,5.741809368133545,5.710453998558379,5.763498306274414
5.865,5.865,5.865,5.865,5.865,5.865,5.865,5.865,5.865,5.865,5.865,5.865,5.847364902496338,5.84378719329834,5.847358703613281,5.8594286282153165,5.883634198730406,5.94865608215332,5.939801216125488,5.913846859509685,5.747405052185059,5.7433390617370605,5.753884472767044,5.767335891723633
6.09,6.09,6.09,6.09,6.09,6.09,6.09,6.09,6.09,6.09,6.09,6.09,5.813052654266357,5.807344436645508,5.810081481933594,5.815896432705745,5.87422121217925,5.892649173736572,5.895672798156738,5.864899982364718,5.747405052185059,5.763964653015137,5.812094790963639,5.788728713989258
6.082,6.082,6.082,6.082,6.082,6.082,6.082,6.082,6.082,6.082,6.082,6.082,5.791236400604248,5.7944111824035645,5.796049118041992,5.796164962641343,5.952392800231525,5.8620758056640625,5.86231803894043,5.837568370608583,5.747405052185059,5.763964653015137,5.830014329997985,5.788728713989258
6.025,6.025,6.025,6.025,6.025,6.025,6.025,6.025,6.025,6.025,6.025,6.025,5.847364902496338,5.84378719329834,5.844671726226807,5.8507242007966695,5.872463025793711,5.93530797958374,5.933444023132324,5.913392605165503,5.747405052185059,5.763964653015137,5.776905667164355,5.765226364135742
5.556,5.556,5.556,5.556,5.556,5.556,5.556,5.556,5.556,5.556,5.556,5.556,5.847364902496338,5.84378719329834,5.844671726226807,5.8507242007966695,5.672269844280666,5.93530797958374,5.933444023132324,5.917954140764647,5.747405052185059,5.763964653015137,5.6200935063295345,5.760843753814697
6.017,6.017,6.017,6.017,6.017,6.017,6.017,6.017,6.017,6.017,6.017,6.017,6.014957904815674,6.009852886199951,6.00867223739624,5.997489813132351,6.017989708842217,6.032425403594971,6.019928932189941,5.995884645226507,6.01556921005249,6.01455020904541,6.017,6.032490253448486
6.017,6.017,6.017,6.017,6.017,6.017,6.017,6.017,6.017,6.017,6.017,6.017,6.024314880371094,6.02764892578125,6.02532958984375,6.008880176862435,6.027225303414525,6.054591178894043,6.057071685791016,6.0103760657358904,6.01556921005249,6.01455020904541,6.017,6.032490253448486
6.021,6.021,6.021,6.021,6.021,6.021,6.021,6.021,6.021,6.021,6.021,6.021,6.036045551300049,6.02483606338501,6.023677825927734,6.014567693418779,6.020340673894848,6.03671932220459,6.0420308113098145,6.009095496726026,6.01556921005249,6.01455020904541,6.017,6.032490253448486
6.02,6.02,6.02,6.02,6.02,6.02,6.02,6.02,6.02,6.02,6.02,6.02,6.024314880371094,6.02764892578125,6.025773048400879,6.012613300089805,6.019670753791524,6.054591178894043,6.05152702331543,6.012807787614136,6.01556921005249,6.01455020904541,6.017469563133153,6.032490253448486
6.022,6.022,6.022,6.022,6.022,6.022,6.022,6.022,6.022,6.022,6.022,6.022,6.018946647644043,6.023420810699463,6.020735263824463,6.006738576802913,6.025536437413235,6.051657676696777,6.044983863830566,6.015086194499968,6.01556921005249,6.01455020904541,6.019460457148073,6.032490253448486
6.02,6.02,6.02,6.02,6.02,6.02,6.02,6.02,6.02,6.02,6.02,6.02,6.014563083648682,6.012706756591797,6.012058258056641,6.004138977311266,6.034463758387632,6.032425403594971,6.019928932189941,6.010461677394857,6.01556921005249,6.01455020904541,6.025988444236929,6.032490253448486
6.017,6.017,6.017,6.017,6.017,6.017,6.017,6.017,6.017,6.017,6.017,6.017,6.025513648986816,6.0254669189453125,6.023222923278809,6.01209621733439,6.031554259007482,6.055938720703125,6.048807144165039,6.030745373633342,6.01556921005249,6.01455020904541,6.036322069292809,6.032490253448486
6.004,6.004,6.004,6.004,6.004,6.004,6.004,6.004,6.004,6.004,6.004,6.004,6.013556957244873,6.012690544128418,6.010259628295898,6.01347622038208,6.018385543262481,6.0361223220825195,6.032710075378418,6.045765546723823,6.004820346832275,6.003910541534424,5.990514072675388,6.0026535987854
6.007,6.007,6.007,6.007,6.007,6.007,6.007,6.007,6.007,6.007,6.007,6.007,6.000596046447754,6.000941276550293,6.0001349449157715,5.989423140110697,6.011695917790187,6.017195701599121,6.013585567474365,6.023848412850361,6.004820346832275,6.003910541534424,5.990267852923102,5.995181083679199
5.987,5.987,5.987,5.987,5.987,5.987,5.987,5.987,5.987,5.987,5.987,5.987,6.006348133087158,6.007362365722656,6.0019073486328125,5.983315630450377,6.001423687395796,6.006892681121826,6.004655838012695,6.019027176777425,6.004820346832275,6.003910541534424,5.988256769812345,5.995181083679199
5.99,5.99,5.99,5.99,5.99,5.99,5.99,5.99,5.99,5.99,5.99,5.99,6.011210918426514,6.012598991394043,6.007476806640625,5.989611753403089,6.0056885989273825,6.015052318572998,6.012014865875244,6.02587887432845,6.004820346832275,6.003910541534424,5.988093604900744,5.997182369232178
5.755,5.755,5.755,5.755,5.755,5.755,5.755,5.755,5.755,5.755,5.755,5.755,5.644569396972656,5.644301414489746,5.641194820404053,5.663544014131858,5.60755353520912,5.562814235687256,5.555286884307861,5.615922410628663,5.546082019805908,5.540067195892334,5.3614439291354845,5.467060565948486
5.676,5.676,5.676,5.676,5.676,5.676,5.676,5.676,5.676,5.676,5.676,5.676,5.651476860046387,5.6628265380859375,5.6508870124816895,5.679088314492139,5.607758124529415,5.58961820602417,5.6097259521484375,5.645776691656183,5.545757293701172,5.539597511291504,5.350468721393429,5.467060565948486
5.432,5.432,5.432,5.432,5.432,5.432,5.432,5.432,5.432,5.432,5.432,5.432,5.676180362701416,5.667808532714844,5.6714863777160645,5.679299103531311,5.628791419256544,5.594748020172119,5.594168663024902,5.643797897513863,5.545757293701172,5.539597511291504,5.342172846782784,5.467060565948486
5.243,5.243,5.243,5.243,5.243,5.243,5.243,5.243,5.243,5.243,5.243,5.243,5.639856338500977,5.649744033813477,5.638636112213135,5.670671154273557,5.470854248765026,5.58961820602417,5.611814975738525,5.65342824802951,5.545757293701172,5.539597511291504,5.22924448402759,5.467060565948486
5.234,5.234,5.234,5.234,5.234,5.234,5.234,5.234,5.234,5.234,5.234,5.234,5.7273406982421875,5.724210262298584,5.728678226470947,5.7271507618239905,5.440383350677494,5.614846229553223,5.617033958435059,5.669951511060638,5.556218147277832,5.549424648284912,5.226102958303319,5.471443176269531
5.465,5.465,5.465,5.465,5.465,5.465,5.465,5.465,5.465,5.465,5.465,5.465,5.723511695861816,5.721127510070801,5.725348949432373,5.720902703136092,5.554805761075987,5.61293888092041,5.614952087402344,5.66745310389638,5.556218147277832,5.549424648284912,5.262574543389965,5.471443176269531
6.043,6.043,6.043,6.043,6.043,6.043,6.043,6.043,6.043,6.043,6.043,6.043,5.644569396972656,5.644301414489746,5.641194820404053,5.663544014131858,6.053222107737869,5.858591556549072,5.88908052444458,5.801106056163695,5.546082019805908,5.540067195892334,5.5016809931535855,5.680098533630371
6.202,6.202,6.202,6.202,6.202,6.202,6.202,6.202,6.202,6.202,6.202,6.202,5.635086536407471,5.633233547210693,5.636538982391357,5.662318629015017,6.0485106822107335,5.851454257965088,5.842653751373291,5.772915456456193,5.546082019805908,5.540067195892334,5.7344731477712365,5.715240478515625
6.285,6.285,6.285,6.285,6.285,6.285,6.285,6.285,6.285,6.285,6.285,6.285,5.646587371826172,5.639334201812744,5.6432061195373535,5.66730424887092,6.045103497158102,5.849654197692871,5.842268943786621,5.7764196124057605,5.556218147277832,5.549424648284912,5.871434518671016,5.704813480377197
5.872,5.872,5.872,5.872,5.872,5.872,5.872,5.872,5.872,5.872,5.872,5.872,5.635086536407471,5.633233547210693,5.636538982391357,5.662318629015017,6.061685291577651,5.851454257965088,5.842653751373291,5.776402809395844,5.546082019805908,5.540067195892334,5.92491260230856,5.715240478515625
5.843,5.843,5.843,5.843,5.843,5.843,5.843,5.843,5.843,5.843,5.843,5.843,5.646587371826172,5.639334201812744,5.6432061195373535,5.66730424887092,6.0891042918630385,5.849654197692871,5.842268943786621,5.7799069653454005,5.556218147277832,5.549424648284912,5.981028718573725,5.704813480377197
6.017,6.017,6.017,6.017,6.017,6.017,6.017,6.017,6.017,6.017,6.017,6.017,5.971388339996338,5.976503849029541,5.982717514038086,5.994424759150704,5.988750775518096,6.019673824310303,6.011913299560547,6.008002582476464,5.966518878936768,5.988656997680664,5.985400642101877,6.017631530761719
6.018,6.018,6.018,6.018,6.018,6.018,6.018,6.018,6.018,6.018,6.018,6.018,6.024314880371094,6.02764892578125,6.025773048400879,6.016124694038612,6.035724448805509,6.049914360046387,6.055592060089111,6.021117652057998,6.01556921005249,6.01455020904541,6.017919557719373,6.032490253448486
6.029,6.029,6.029,6.029,6.029,6.029,6.029,6.029,6.029,6.029,6.029,6.029,6.013552665710449,6.015750885009766,6.013439178466797,6.016980546969183,6.0186692039758345,6.049348831176758,6.050047397613525,6.022657818563392,5.973420143127441,5.991715431213379,5.994537265118411,6.02488374710083
6.019,6.019,6.019,6.019,6.019,6.019,6.019,6.019,6.019,6.019,6.019,6.019,6.025513648986816,6.0254669189453125,6.023222923278809,6.01209621733439,6.0248582628891825,6.053402423858643,6.048807144165039,6.02673909289806,6.01556921005249,6.01455020904541,6.017860153875678,6.032490253448486
6.021,6.021,6.021,6.021,6.021,6.021,6.021,6.021,6.021,6.021,6.021,6.021,6.025513648986816,6.021437168121338,6.023222923278809,6.009804507250085,6.030890296726475,6.055938720703125,6.048807144165039,6.027477513154556,6.01556921005249,6.01455020904541,6.019728648998452,6.032490253448486
6.054,6.054,6.054,6.054,6.054,6.054,6.054,6.054,6.054,6.054,6.054,6.054,6.025513648986816,6.021437168121338,6.023222923278809,6.009804507250085,6.035656498256995,6.055938720703125,6.048807144165039,6.030411825315449,6.01556921005249,6.01455020904541,6.01944527385012,6.032490253448486
6.03,6.03,6.03,6.03,6.03,6.03,6.03,6.03,6.03,6.03,6.03,6.03,6.024314880371094,6.02764892578125,6.02532958984375,6.008880176862435,6.039258164607903,6.054591178894043,6.05152702331543,6.026963852905739,6.01556921005249,6.01455020904541,6.020403368266907,6.032490253448486
6.037,6.037,6.037,6.037,6.037,6.037,6.037,6.037,6.037,6.037,6.037,6.037,6.018946647644043,6.023420810699463,6.020735263824463,6.010419046165618,6.037350183064053,6.051657676696777,6.044983863830566,6.032821058769208,6.01556921005249,6.01455020904541,6.024346399639186,6.032490253448486
6.023,6.023,6.023,6.023,6.023,6.023,6.023,6.023,6.023,6.023,6.023,6.023,6.012821674346924,6.017318248748779,6.015264511108398,6.023071391896752,6.0256150461631925,6.025709629058838,6.0141682624816895,6.019690635097609,6.009531021118164,6.007540702819824,6.0226735742215265,6.006435394287109
6.046,6.046,6.046,6.046,6.046,6.046,6.046,6.046,6.046,6.046,6.046,6.046,6.014281272888184,6.013811111450195,6.011796951293945,6.019862977320198,6.0152150167380185,6.025895595550537,6.029696941375732,6.036788240022068,6.009531021118164,6.007540702819824,6.018193121072535,6.006435394287109
6.049,6.049,6.049,6.049,6.049,6.049,6.049,6.049,6.049,6.049,6.049,6.049,6.004641532897949,6.003373146057129,6.004266262054443,6.0080885184974555,6.0112077507419235,6.016071319580078,6.0189080238342285,6.036847153305828,6.008507251739502,6.007540702819824,5.993513764188303,6.005580425262451
6.037,6.037,6.037,6.037,6.037,6.037,6.037,6.037,6.037,6.037,6.037,6.037,6.001830101013184,6.005590438842773,6.0025153160095215,5.997981323677191,6.014186096279066,6.005557537078857,5.997400760650635,6.0180239093922125,6.004820346832275,6.003910541534424,5.9916227553326005,5.995181083679199
6.039,6.039,6.039,6.039,6.039,6.039,6.039,6.039,6.039,6.039,6.039,6.039,6.008798122406006,6.008700370788574,6.00689172744751,6.007208849789276,6.0135845763530105,6.018886566162109,6.009952545166016,6.04359459003887,6.004820346832275,6.003910541534424,5.992380953086553,5.997182369232178
5.992,5.992,5.992,5.992,5.992,5.992,5.992,5.992,5.992,5.992,5.992,5.992,6.001830101013184,6.005590438842773,6.0025153160095215,6.001384136526305,6.003912974922746,6.005557537078857,5.997400760650635,6.026682350469567,6.004820346832275,6.003910541534424,5.991310294136586,5.995181083679199
5.987,5.987,5.987,5.987,5.987,5.987,5.987,5.987,5.987,5.987,5.987,5.987,5.951297283172607,5.961503028869629,5.958608627319336,6.040451954830981,5.974151065108792,5.9825439453125,5.986158847808838,6.005239472317216,5.94951057434082,5.977171421051025,5.978569911616076,5.956538200378418
5.987,5.987,5.987,5.987,5.987,5.987,5.987,5.987,5.987,5.987,5.987,5.987,5.985788345336914,5.989027976989746,5.989925384521484,5.969186635758319,5.995893718498001,6.011394023895264,6.00988245010376,5.992875366440327,5.94951057434082,5.977171421051025,5.994995356566154,5.956538200378418
5.552,5.552,5.552,5.552,5.552,5.552,5.552,5.552,5.552,5.552,5.552,5.552,5.671838283538818,5.666218280792236,5.658903121948242,5.670195523587642,5.550002568061887,5.559299468994141,5.5594940185546875,5.615356315715173,5.545757293701172,5.539597511291504,5.2818924079082965,5.467060565948486
5.542,5.542,5.542,5.542,5.542,5.542,5.542,5.542,5.542,5.542,5.542,5.542,5.643771171569824,5.64117431640625,5.63823938369751,5.655043507880975,5.458342432890356,5.588162422180176,5.602336406707764,5.650431053500437,5.545757293701172,5.539597511291504,5.246594973245339,5.467060565948486
5.484,5.484,5.484,5.484,5.484,5.484,5.484,5.484,5.484,5.484,5.484,5.484,5.665849685668945,5.661393165588379,5.658061981201172,5.67900038242803,5.377204391003676,5.588162422180176,5.606321811676025,5.6651124904635575,5.556218147277832,5.549424648284912,5.262018092435486,5.471443176269531
6.323,6.323,6.323,6.323,6.323,6.323,6.323,6.323,6.323,6.323,6.323,6.323,5.644569396972656,5.644301414489746,5.641194820404053,5.663544014131858,6.094315301947851,5.883939743041992,5.936130046844482,5.833831588289778,5.546082019805908,5.540067195892334,5.716305368937384,5.680098533630371
6.22,6.22,6.22,6.22,6.22,6.22,6.22,6.22,6.22,6.22,6.22,6.22,5.665327072143555,5.65778112411499,5.663646697998047,5.677671530886215,6.109619650579408,5.924720764160156,5.93117094039917,5.833360715124805,5.556218147277832,5.549424648284912,5.948384203418876,5.704813480377197
6.074,6.074,6.074,6.074,6.074,6.074,6.074,6.074,6.074,6.074,6.074,6.074,5.672658443450928,5.663464546203613,5.671384811401367,5.679839181163318,6.087342814334216,5.924720764160156,5.93117094039917,5.835424253543259,5.556218147277832,5.549424648284912,5.93778677366084,5.704813480377197
6.112,6.112,6.112,6.112,6.112,6.112,6.112,6.112,6.112,6.112,6.112,6.112,5.651476860046387,5.6628265380859375,5.6508870124816895,5.679088314492139,6.028495779363885,5.964968681335449,5.986772537231445,5.874308385875727,5.545757293701172,5.539597511291504,5.986382065407039,5.715240478515625
6.169,6.169,6.169,6.169,6.169,6.169,6.169,6.169,6.169,6.169,6.169,6.169,5.653768062591553,5.652137756347656,5.658489227294922,5.668337597618083,6.155608298436096,5.92894172668457,5.898231029510498,5.804484929041205,5.545757293701172,5.56022310256958,6.067232169737186,5.73663330078125
6.023,6.023,6.023,6.023,6.023,6.023,6.023,6.023,6.023,6.023,6.023,6.023,5.83282995223999,5.83400297164917,5.832100868225098,5.844861906546852,5.932315497014867,5.9655866622924805,5.946330547332764,5.913056142251786,5.747729778289795,5.741809368133545,5.787785247362744,5.763498306274414
5.958,5.958,5.958,5.958,5.958,5.958,5.958,5.958,5.958,5.958,5.958,5.958,5.7863640785217285,5.786615371704102,5.790302753448486,5.801410571883335,5.834539922694263,5.929683685302734,5.918344020843506,5.863111712970257,5.747405052185059,5.7433390617370605,5.792384218353549,5.763498306274414
6.069,6.069,6.069,6.069,6.069,6.069,6.069,6.069,6.069,6.069,6.069,6.069,6.014957904815674,6.013224124908447,6.012279033660889,6.00094526254758,6.030332687970585,6.032872676849365,6.032276630401611,6.01457196192761,6.01556921005249,6.01455020904541,6.0180452022916535,6.032490253448486
6.042,6.042,6.042,6.042,6.042,6.042,6.042,6.042,6.042,6.042,6.042,6.042,6.024314880371094,6.02764892578125,6.02532958984375,6.00536878291363,6.037007517361805,6.054591178894043,6.05152702331543,6.02689683172323,6.01556921005249,6.01455020904541,6.018504531078399,6.032490253448486
6.02,6.02,6.02,6.02,6.02,6.02,6.02,6.02,6.02,6.02,6.02,6.02,6.024314880371094,6.02764892578125,6.02532958984375,6.008880176862435,6.03600025592356,6.054591178894043,6.05152702331543,6.03006901534298,6.01556921005249,6.01455020904541,6.018853893195519,6.032490253448486
6.04,6.04,6.04,6.04,6.04,6.04,6.04,6.04,6.04,6.04,6.04,6.04,6.017173767089844,6.013566970825195,6.0165815353393555,6.008052667235528,6.036598925838052,6.032872676849365,6.032276630401611,6.025661641156308,6.01556921005249,6.01455020904541,6.017337985313289,6.032490253448486
6.098,6.098,6.098,6.098,6.098,6.098,6.098,6.098,6.098,6.098,6.098,6.098,6.025022506713867,6.025922775268555,6.021317005157471,6.0065816573354205,6.032963045083588,6.039814472198486,6.043311595916748,6.021825256430281,6.01556921005249,6.01455020904541,6.017032830952094,6.032490253448486
6.027,6.027,6.027,6.027,6.027,6.027,6.027,6.027,6.027,6.027,6.027,6.027,6.024314880371094,6.02764892578125,6.025773048400879,6.016124694038612,6.0442677297861565,6.053016662597656,6.050047397613525,6.0377054392278175,6.01556921005249,6.01455020904541,6.0165949548707705,6.032490253448486
6.019,6.019,6.019,6.019,6.019,6.019,6.019,6.019,6.019,6.019,6.019,6.019,6.020862579345703,6.021582126617432,6.021566390991211,6.018195548474402,6.034291671575985,6.048867225646973,6.044983863830566,6.045772600262868,6.01556921005249,6.01455020904541,6.015515532103102,6.032490253448486
6.017,6.017,6.017,6.017,6.017,6.017,6.017,6.017,6.017,6.017,6.017,6.017,5.999674320220947,6.01142692565918,6.008627891540527,6.03415477641283,6.018720397448164,6.044454574584961,6.0355095863342285,6.061441762832295,6.009531021118164,6.007540702819824,6.009661252978874,6.006435394287109
5.999,5.999,5.999,5.999,5.999,5.999,5.999,5.999,5.999,5.999,5.999,5.999,6.019195079803467,6.013636589050293,6.013450622558594,6.021946847766344,6.026667335185112,6.038127899169922,6.033040523529053,6.067980382328857,6.009531021118164,6.007540702819824,5.993191384224305,6.006435394287109
5.994,5.994,5.994,5.994,5.994,5.994,5.994,5.994,5.994,5.994,5.994,5.994,6.0051774978637695,6.00809907913208,6.00689172744751,6.0026254296206645,6.019952613554804,6.015951633453369,6.009952545166016,6.04399946197743,6.004820346832275,6.003910541534424,5.990719757008691,5.995181083679199
6.032,6.032,6.032,6.032,6.032,6.032,6.032,6.032,6.032,6.032,6.032,6.032,6.0038909912109375,6.001396179199219,6.003507614135742,6.001100989406485,6.006504895369341,6.011422157287598,6.013550758361816,6.034252794343128,6.004820346832275,6.003910541534424,5.992364853112033,5.997182369232178
5.99,5.99,5.99,5.99,5.99,5.99,5.99,5.99,5.99,5.99,5.99,5.99,6.000596046447754,6.000941276550293,6.0001349449157715,5.989423140110697,5.999669659516124,6.016628742218018,6.013223648071289,6.04589614924271,6.004820346832275,6.003910541534424,5.989988486801359,5.995181083679199
5.997,5.997,5.997,5.997,5.997,5.997,5.997,5.997,5.997,5.997,5.997,5.997,6.000596046447754,6.000941276550293,6.0001349449157715,5.978381732022582,5.989204827320257,6.016628742218018,6.013223648071289,6.0419999751728275,6.004820346832275,6.003910541534424,5.988857625811733,5.995181083679199
5.244,5.244,5.244,5.244,5.244,5.244,5.244,5.244,5.244,5.244,5.244,5.244,5.817843437194824,5.819708824157715,5.819673538208008,5.8081819135778545,5.628862180924919,5.66912317276001,5.659080505371094,5.695876365359345,5.661104202270508,5.639784812927246,5.573237071717451,5.602865219116211
5.44,5.44,5.44,5.44,5.44,5.44,5.44,5.44,5.44,5.44,5.44,5.44,5.8476338386535645,5.846067428588867,5.8403143882751465,5.824464385429444,5.516215422551648,5.6741228103637695,5.651178359985352,5.6980152749963935,5.661104202270508,5.639784812927246,5.4792000147566275,5.602865219116211
5.655,5.655,5.655,5.655,5.655,5.655,5.655,5.655,5.655,5.655,5.655,5.655,5.855557441711426,5.849038600921631,5.850512504577637,5.837760887521242,5.650842989251923,5.677610397338867,5.660749435424805,5.722857783375467,5.64580774307251,5.624898910522461,5.46388602517259,5.604190826416016
5.95,5.95,5.95,5.95,5.95,5.95,5.95,5.95,5.95,5.95,5.95,5.95,5.85763692855835,5.8535919189453125,5.848010540008545,5.821289673398531,6.376955516601819,6.0056281089782715,6.002695560455322,5.887748202954864,5.64580774307251,5.624898910522461,6.12008782235387,5.886003017425537
6.408,6.408,6.408,6.408,6.408,6.408,6.408,6.408,6.408,6.408,6.408,6.408,5.820618152618408,5.805118083953857,5.810768127441406,5.800048738831849,6.194109981160626,6.021785736083984,6.0245442390441895,5.899356929568434,5.647105693817139,5.624898910522461,6.068656811839575,5.882693767547607
6.343,6.343,6.343,6.343,6.343,6.343,6.343,6.343,6.343,6.343,6.343,6.343,5.785236835479736,5.793900489807129,5.79754638671875,5.787939588355961,6.330069376862506,5.985500335693359,6.000113010406494,5.889625021631353,5.661104202270508,5.639784812927246,6.07730294826126,5.880517959594727
6.028,6.028,6.028,6.028,6.028,6.028,6.028,6.028,6.028,6.028,6.028,6.028,6.033238887786865,6.023836612701416,6.034580230712891,6.04740855029417,6.036622650968302,6.044681549072266,6.043430805206299,6.0189479463507265,5.950146198272705,5.938503742218018,6.0147819954391695,6.009003639221191
6.017,6.017,6.017,6.017,6.017,6.017,6.017,6.017,6.017,6.017,6.017,6.017,6.025294303894043,6.024154186248779,6.02439546585083,6.031476282727921,6.0295195958167165,6.048984527587891,6.036995887756348,6.007915833555943,5.944711685180664,5.938503742218018,6.018299383248264,6.012312889099121
6.017,6.017,6.017,6.017,6.017,6.017,6.017,6.017,6.017,6.017,6.017,6.017,6.027596950531006,6.038307189941406,6.035782814025879,6.061286940207918,6.042255341718798,6.046577453613281,6.041156768798828,6.023209359999212,5.954778671264648,5.970272064208984,6.024194672127698,6.0240325927734375
5.987,5.987,5.987,5.987,5.987,5.987,5.987,5.987,5.987,5.987,5.987,5.987,6.020700454711914,6.017454147338867,6.017007350921631,6.039012972168597,6.019048793504049,6.043766021728516,6.0483293533325195,6.029276963699752,5.945832252502441,5.957584857940674,5.996164117385779,6.013427257537842
6.025,6.025,6.025,6.025,6.025,6.025,6.025,6.025,6.025,6.025,6.025,6.025,6.0132927894592285,6.01156759262085,6.01369047164917,6.035449937234326,6.008045691276408,6.022056579589844,6.023380279541016,6.006722917954459,5.945832252502441,5.957584857940674,5.994657952869863,6.013427257537842
5.99,5.99,5.99,5.99,5.99,5.99,5.99,5.99,5.99,5.99,5.99,5.99,6.013564586639404,6.009042263031006,6.007830619812012,6.021924207218431,5.998373688156518,6.013890743255615,6.016528606414795,6.006795787751567,5.944197177886963,5.955886363983154,5.991632296969477,5.986448287963867
5.991,5.991,5.991,5.991,5.991,5.991,5.991,5.991,5.991,5.991,5.991,5.991,6.016605377197266,6.018121242523193,6.019834518432617,6.036298728165722,6.013080789599165,6.025571823120117,6.024453639984131,6.0322968002978055,5.944197177886963,5.955886363983154,5.986259284414953,5.983266830444336
5.631,5.631,5.631,5.631,5.631,5.631,5.631,5.631,5.631,5.631,5.631,5.631,5.7967376708984375,5.800872802734375,5.807101249694824,5.794369071126903,5.6454749247337785,5.66970682144165,5.670976161956787,5.708750140498063,5.662046432495117,5.63815450668335,5.626400712579143,5.602378845214844
5.64,5.64,5.64,5.64,5.64,5.64,5.64,5.64,5.64,5.64,5.64,5.64,5.821661949157715,5.809388160705566,5.810329437255859,5.805229912904256,5.567664108542294,5.631808757781982,5.6299052238464355,5.686568395606741,5.647105693817139,5.624898910522461,5.606069740924583,5.603541374206543
5.588,5.588,5.588,5.588,5.588,5.588,5.588,5.588,5.588,5.588,5.588,5.588,5.8476338386535645,5.846067428588867,5.8403143882751465,5.824464385429444,5.558276192021047,5.693811416625977,5.672049045562744,5.715619519214922,5.661104202270508,5.639784812927246,5.577387824027704,5.602865219116211
5.491,5.491,5.491,5.491,5.491,5.491,5.491,5.491,5.491,5.491,5.491,5.491,5.820618152618408,5.805118083953857,5.810768127441406,5.796368269469143,5.580485725896206,5.66912317276001,5.66161584854126,5.704140423745054,5.64580774307251,5.624898910522461,5.464476170320043,5.604190826416016
5.538,5.538,5.538,5.538,5.538,5.538,5.538,5.538,5.538,5.538,5.538,5.538,5.85763692855835,5.8535919189453125,5.848010540008545,5.821289673398531,5.545986599939193,5.693811416625977,5.672049045562744,5.717402629960626,5.64580774307251,5.624898910522461,5.419987315834931,5.604190826416016
6.446,6.446,6.446,6.446,6.446,6.446,6.446,6.446,6.446,6.446,6.446,6.446,5.820618152618408,5.805118083953857,5.810768127441406,5.800048738831849,6.259385509651669,6.020933151245117,6.026675701141357,5.909256240864376,5.647105693817139,5.624898910522461,6.069768827079474,5.882693767547607
6.596,6.596,6.596,6.596,6.596,6.596,6.596,6.596,6.596,6.596,6.596,6.596,5.850325584411621,5.837348461151123,5.82501220703125,5.820324688756301,6.313650696876047,5.995871067047119,5.991364479064941,5.898768114548743,5.662046432495117,5.63815450668335,6.077713282061705,5.87698221206665
5.869,5.869,5.869,5.869,5.869,5.869,5.869,5.869,5.869,5.869,5.869,5.869,5.870271682739258,5.873905658721924,5.868263244628906,5.858094807968403,5.996734921448823,6.0673828125,6.075705051422119,5.97838914041326,5.66493034362793,5.65791130065918,5.992281509826812,5.878507137298584
5.602,5.602,5.602,5.602,5.602,5.602,5.602,5.602,5.602,5.602,5.602,5.602,5.827689170837402,5.846047878265381,5.852004528045654,5.832240868960126,5.997845048076153,6.021542549133301,6.0344648361206055,5.890926724941929,5.655364990234375,5.624898910522461,5.952697398762205,5.882693767547607
6.027,6.027,6.027,6.027,6.027,6.027,6.027,6.027,6.027,6.027,6.027,6.027,5.806859493255615,5.807060241699219,5.81246280670166,5.844826832842637,5.901742596488959,5.962635040283203,5.9588236808776855,5.906702597917684,5.820764541625977,5.805051803588867,6.023404204120834,5.903313159942627
6.165,6.165,6.165,6.165,6.165,6.165,6.165,6.165,6.165,6.165,6.165,6.165,5.850252151489258,5.8374433517456055,5.838581562042236,5.85623415923002,5.966284795776499,5.972708702087402,5.972895622253418,5.913529361802299,5.814296245574951,5.795398235321045,5.923497544914638,5.905488967895508
6.017,6.017,6.017,6.017,6.017,6.017,6.017,6.017,6.017,6.017,6.017,6.017,6.019535064697266,6.013513088226318,6.016339302062988,6.032448657028818,6.013848561006224,6.025143146514893,6.020768165588379,5.991386908651425,5.944197177886963,5.955886363983154,6.010435591895028,6.011662006378174
6.017,6.017,6.017,6.017,6.017,6.017,6.017,6.017,6.017,6.017,6.017,6.017,6.013564586639404,6.009042263031006,6.007830619812012,6.01862010465262,6.018521604806621,6.014488697052002,6.016637325286865,5.995147099278865,5.944197177886963,5.955886363983154,6.010177608383281,6.011662006378174
5.987,5.987,5.987,5.987,5.987,5.987,5.987,5.987,5.987,5.987,5.987,5.987,6.025772571563721,6.022722244262695,6.022723197937012,6.046174786812248,6.01039556196083,6.035168170928955,6.028127193450928,6.0106785819308275,5.945832252502441,5.957584857940674,5.996815935632956,6.013427257537842
6.022,6.022,6.022,6.022,6.022,6.022,6.022,6.022,6.022,6.022,6.022,6.022,6.013721942901611,6.009371280670166,6.007830619812012,6.025228309784241,5.9959691912845825,6.020150661468506,6.018948078155518,6.014576067624432,5.945832252502441,5.957584857940674,5.993127543328571,6.013427257537842
5.989,5.989,5.989,5.989,5.989,5.989,5.989,5.989,5.989,5.989,5.989,5.989,6.016605377197266,6.018121242523193,6.019834518432617,6.038000134590279,6.008478613727624,6.025571823120117,6.024453639984131,6.033749058482112,5.944197177886963,5.955886363983154,5.992387755603816,5.986448287963867
5.987,5.987,5.987,5.987,5.987,5.987,5.987,5.987,5.987,5.987,5.987,5.987,6.016605377197266,6.018121242523193,6.019834518432617,6.038000134590279,6.00785269530778,6.025571823120117,6.024453639984131,6.036945437960679,5.944197177886963,5.955886363983154,5.9873251812822454,5.983266830444336
5.733,5.733,5.733,5.733,5.733,5.733,5.733,5.733,5.733,5.733,5.733,5.733,5.810681343078613,5.806081295013428,5.804739952087402,5.805837983169141,5.592361576115792,5.630609035491943,5.6299052238464355,5.689153494851192,5.662046432495117,5.63815450668335,5.627312995562291,5.602378845214844
5.644,5.644,5.644,5.644,5.644,5.644,5.644,5.644,5.644,5.644,5.644,5.644,5.848006248474121,5.836244106292725,5.82501220703125,5.827347476653914,5.607551419371614,5.676677703857422,5.662113189697266,5.721241435082391,5.66493034362793,5.65791130065918,5.589163072609481,5.603903770446777
5.668,5.668,5.668,5.668,5.668,5.668,5.668,5.668,5.668,5.668,5.668,5.668,5.827025890350342,5.821921348571777,5.82634973526001,5.8081358426326615,5.551415486847102,5.635679244995117,5.63312292098999,5.69468727655809,5.67055082321167,5.656353950500488,5.462919301109642,5.604190826416016
5.633,5.633,5.633,5.633,5.633,5.633,5.633,5.633,5.633,5.633,5.633,5.633,5.867177963256836,5.862121105194092,5.862763404846191,5.846178047739824,5.553432717284344,5.68076229095459,5.66344690322876,5.735995720676597,5.647105693817139,5.624898910522461,5.42908616749636,5.603541374206543
6.113,6.113,6.113,6.113,6.113,6.113,6.113,6.113,6.113,6.113,6.113,6.113,5.808608531951904,5.806824207305908,5.804887294769287,5.800807435236413,6.081644294036446,6.036048889160156,6.053493499755859,5.945494801803983,5.64580774307251,5.624898910522461,5.996229514596392,5.886003017425537
6.03,6.03,6.03,6.03,6.03,6.03,6.03,6.03,6.03,6.03,6.03,6.03,5.821661949157715,5.809388160705566,5.810329437255859,5.805229912904256,5.9612298099481595,6.036048889160156,6.053493499755859,5.949824022342661,5.647105693817139,5.624898910522461,5.9612456908016105,5.882693767547607
5.961,5.961,5.961,5.961,5.961,5.961,5.961,5.961,5.961,5.961,5.961,5.961,5.827689170837402,5.846047878265381,5.852004528045654,5.832240868960126,6.045037731024134,6.021542549133301,6.0344648361206055,5.8997603051893135,5.655364990234375,5.624898910522461,5.9544470597770305,5.882693767547607
6.017,6.017,6.017,6.017,6.017,6.017,6.017,6.017,6.017,6.017,6.017,6.017,6.0111589431762695,6.0077948570251465,6.010055065155029,5.988576486771965,6.019171822731655,6.020204544067383,6.013585567474365,5.999196917232904,5.944197177886963,5.955886363983154,6.017120698612113,6.011662006378174
6.017,6.017,6.017,6.017,6.017,6.017,6.017,6.017,6.017,6.017,6.017,6.017,6.016605377197266,6.018121242523193,6.012682914733887,6.006904536499327,6.017806260865433,6.0267252922058105,6.024453639984131,6.005804189649822,5.944197177886963,5.955886363983154,6.012732825886189,6.011662006378174
6.017,6.017,6.017,6.017,6.017,6.017,6.017,6.017,6.017,6.017,6.017,6.017,6.016605377197266,6.018121242523193,6.019834518432617,6.034597321741165,6.018816898811645,6.025571823120117,6.024453639984131,6.009428137136172,5.944197177886963,5.955886363983154,6.011347848633314,6.011662006378174
6.017,6.017,6.017,6.017,6.017,6.017,6.017,6.017,6.017,6.017,6.017,6.017,6.013564586639404,6.009042263031006,6.007830619812012,6.020272155935526,6.017604506808072,6.014488697052002,6.016637325286865,6.001508436478131,5.944197177886963,5.955886363983154,6.00802316644498,6.011662006378174
6.017,6.017,6.017,6.017,6.017,6.017,6.017,6.017,6.017,6.017,6.017,6.017,6.0123209953308105,6.012862682342529,6.013639450073242,6.025870471322875,6.021314597617058,6.022686958312988,6.014934539794922,6.0053247845819335,5.944197177886963,5.955886363983154,5.997925133158716,6.011662006378174
5.987,5.987,5.987,5.987,5.987,5.987,5.987,5.987,5.987,5.987,5.987,5.987,6.025772571563721,6.022722244262695,6.022723197937012,6.042663392863442,6.020888381724024,6.0333027839660645,6.028127193450928,6.01873903873354,5.945832252502441,5.957584857940674,5.997488457153169,6.013427257537842
5.981,5.981,5.981,5.981,5.981,5.981,5.981,5.981,5.981,5.981,5.981,5.981,5.810681343078613,5.806081295013428,5.804739952087402,5.805837983169141,5.99628449123885,6.021381855010986,6.041223526000977,5.949470514188205,5.662046432495117,5.63815450668335,5.973794824398515,5.87698221206665
6.042,6.042,6.042,6.042,6.042,6.042,6.042,6.042,6.042,6.042,6.042,6.042,6.013564586639404,6.009042263031006,6.007830619812012,6.01862010465262,6.035706269295263,6.014488697052002,6.016637325286865,6.011859813997059,5.944197177886963,5.955886363983154,5.999762006812495,6.011662006378174
6.041,6.041,6.041,6.041,6.041,6.041,6.041,6.041,6.041,6.041,6.041,6.041,6.0132927894592285,6.0089945793151855,6.011019706726074,6.015712207959254,6.032892437309711,6.01906681060791,6.011704921722412,6.019082353520183,5.944197177886963,5.955886363983154,6.000207728330799,6.011662006378174
6.039,6.039,6.039,6.039,6.039,6.039,6.039,6.039,6.039,6.039,6.039,6.039,6.013564586639404,6.009042263031006,6.007830619812012,6.023576258501336,6.03645679525269,6.020150661468506,6.019056797027588,6.022415552626304,5.944197177886963,5.955886363983154,5.997891911585404,6.016819000244141
6.039,6.039,6.039,6.039,6.039,6.039,6.039,6.039,6.039,6.039,6.039,6.039,6.0123209953308105,6.012862682342529,6.013639450073242,6.028162181407181,6.030037450189429,6.022686958312988,6.014934539794922,6.03471986094641,5.944197177886963,5.955886363983154,5.997770773935928,6.007783889770508
6.034,6.034,6.034,6.034,6.034,6.034,6.034,6.034,6.034,6.034,6.034,6.034,6.019535064697266,6.013513088226318,6.016339302062988,6.025425869131206,6.038532206500038,6.025143146514893,6.020768165588379,6.032004972598004,5.944197177886963,5.955886363983154,5.999882606182131,6.011662006378174
6.039,6.039,6.039,6.039,6.039,6.039,6.039,6.039,6.039,6.039,6.039,6.039,6.0132927894592285,6.0089945793151855,6.011019706726074,6.023073146684664,6.034244654441798,6.01906681060791,6.011704921722412,6.032033895013843,5.944197177886963,5.955886363983154,6.000369038936962,6.011662006378174
6.048,6.048,6.048,6.048,6.048,6.048,6.048,6.048,6.048,6.048,6.048,6.048,6.0123209953308105,6.012862682342529,6.013639450073242,6.01899534106996,6.035896211162971,6.022686958312988,6.014934539794922,6.030732949076194,5.944197177886963,5.955886363983154,5.997986423544106,6.011662006378174
6.039,6.039,6.039,6.039,6.039,6.039,6.039,6.039,6.039,6.039,6.039,6.039,6.0132927894592285,6.0089945793151855,6.011019706726074,6.004670799871139,6.0317989183448555,6.017128944396973,6.011704921722412,6.026300527497216,5.944197177886963,5.955886363983154,5.997879561930982,6.007783889770508
6.039,6.039,6.039,6.039,6.039,6.039,6.039,6.039,6.039,6.039,6.039,6.039,6.0132927894592285,6.0089945793151855,6.011019706726074,6.012031738596549,6.027983786262458,6.017128944396973,6.011704921722412,6.032699256543092,5.944197177886963,5.955886363983154,5.992806744418225,6.007783889770508
6.101,6.101,6.101,6.101,6.101,6.101,6.101,6.101,6.101,6.101,6.101,6.101,6.026639461517334,6.02764892578125,6.0238237380981445,6.057259238739233,6.090014504678274,6.042573928833008,6.030090808868408,6.097773553959644,5.958628177642822,5.967421054840088,6.001677323214187,5.991959571838379
6.087,6.087,6.087,6.087,6.087,6.087,6.087,6.087,6.087,6.087,6.087,6.087,6.025022506713867,6.034380912780762,6.031667709350586,6.055826575021158,6.088071647737628,6.046577453613281,6.041156768798828,6.100850956606513,5.958628177642822,5.970272064208984,6.005419254753199,5.992593288421631
6.188,6.188,6.188,6.188,6.188,6.188,6.188,6.188,6.188,6.188,6.188,6.188,6.018946647644043,6.023420810699463,6.020735263824463,6.061055149498203,6.07074474165066,6.044994354248047,6.041032791137695,6.145599350408899,5.954778671264648,5.970272064208984,6.001776044879595,5.992593288421631
6.073,6.073,6.073,6.073,6.073,6.073,6.073,6.073,6.073,6.073,6.073,6.073,6.034854412078857,6.028600215911865,6.036253929138184,6.064678231867012,6.085253640908832,6.039433002471924,6.041559219360352,6.158581220805108,5.950146198272705,5.938503742218018,5.98924573793002,5.977564334869385
6.043,6.043,6.043,6.043,6.043,6.043,6.043,6.043,6.043,6.043,6.043,6.043,6.026338577270508,6.018400192260742,6.020198345184326,6.049775309637166,6.063732800666116,6.039433002471924,6.041559219360352,6.15492785725279,5.954778671264648,5.970272064208984,6.001931976672709,5.992593288421631
6.058,6.058,6.058,6.058,6.058,6.058,6.058,6.058,6.058,6.058,6.058,6.058,6.006937503814697,6.011163234710693,5.99825382232666,6.022120418805059,6.0682560670182815,6.020603656768799,6.024848461151123,6.055895841267829,5.944711685180664,5.938503742218018,5.9908730211070935,5.9808735847473145
6.076,6.076,6.076,6.076,6.076,6.076,6.076,6.076,6.076,6.076,6.076,6.076,6.020862579345703,6.021582126617432,6.021566390991211,6.0688316518069865,6.061890056454964,6.042203903198242,6.041032791137695,6.158550891902587,5.950146198272705,5.938503742218018,5.98916266079281,5.977564334869385
6.048,6.048,6.048,6.048,6.048,6.048,6.048,6.048,6.048,6.048,6.048,6.048,6.020862579345703,6.021582126617432,6.021566390991211,6.0688316518069865,6.0630060064290925,6.042203903198242,6.041032791137695,6.1608316597021595,5.950146198272705,5.938503742218018,5.989230290665205,5.977564334869385
6.066,6.066,6.066,6.066,6.066,6.066,6.066,6.066,6.066,6.066,6.066,6.066,5.996311187744141,6.002041339874268,5.994353294372559,6.053137874506849,6.026121571852466,6.029586315155029,6.0283989906311035,6.078952836367834,5.942289352416992,5.938261985778809,5.982646460373201,5.95430326461792
6.068,6.068,6.068,6.068,6.068,6.068,6.068,6.068,6.068,6.068,6.068,6.068,6.017573356628418,6.01858377456665,6.018582820892334,6.03182675816349,6.044177186186673,6.04213809967041,6.0366597175598145,6.040549840222077,5.9480156898498535,5.938503742218018,5.9945109162872106,5.975388526916504
6.078,6.078,6.078,6.078,6.078,6.078,6.078,6.078,6.078,6.078,6.078,6.078,6.023434638977051,6.025053977966309,6.022118091583252,6.036222674147071,6.056973536125032,6.022366523742676,6.028628349304199,6.016531700210701,5.944711685180664,5.938503742218018,5.990915443203067,5.9808735847473145
6.048,6.048,6.048,6.048,6.048,6.048,6.048,6.048,6.048,6.048,6.048,6.048,6.015598773956299,6.0168538093566895,6.022083282470703,5.99851349025697,6.057017505691456,6.028368949890137,6.027313232421875,6.024980639078381,5.958628177642822,5.970272064208984,6.003688688367284,5.992593288421631
6.047,6.047,6.047,6.047,6.047,6.047,6.047,6.047,6.047,6.047,6.047,6.047,6.014957904815674,6.016012191772461,6.015546798706055,6.045836888926699,6.080600559646903,6.027914524078369,6.029749393463135,6.08148311077448,5.954778671264648,5.970272064208984,6.001765850430678,5.992593288421631
6.04,6.04,6.04,6.04,6.04,6.04,6.04,6.04,6.04,6.04,6.04,6.04,6.011991024017334,6.0254974365234375,6.025296211242676,6.077795715653453,6.063997524562704,6.040482521057129,6.041032791137695,6.109603388343594,5.9480156898498535,5.938503742218018,5.994363159911784,5.975388526916504
6.055,6.055,6.055,6.055,6.055,6.055,6.055,6.055,6.055,6.055,6.055,6.055,6.0358662605285645,6.0351762771606445,6.03402853012085,6.0678712731073245,6.055321526753431,6.044253349304199,6.040668964385986,6.085205096667703,5.950146198272705,5.938503742218018,5.9944228655793115,5.977564334869385
6.051,6.051,6.051,6.051,6.051,6.051,6.051,6.051,6.051,6.051,6.051,6.051,6.023434638977051,6.025053977966309,6.022118091583252,6.036222674147071,6.055602681979926,6.025562286376953,6.031595230102539,6.022811796357226,5.944711685180664,5.938503742218018,5.989335414716175,5.9808735847473145
6.056,6.056,6.056,6.056,6.056,6.056,6.056,6.056,6.056,6.056,6.056,6.056,6.0073323249816895,6.011680603027344,5.998474597930908,6.025764886039378,6.068463708721707,6.020603656768799,6.024848461151123,6.043745209559043,5.954778671264648,5.970272064208984,6.003498478633542,5.992593288421631
6.041,6.041,6.041,6.041,6.041,6.041,6.041,6.041,6.041,6.041,6.041,6.041,6.0073323249816895,6.011680603027344,5.998474597930908,6.024112834756473,6.06290517763417,6.020603656768799,6.024848461151123,6.047023355695432,5.954778671264648,5.970272064208984,6.003647959496448,5.992593288421631
