exp,desc,n_feat,r2_fold_mean,r2_fold_std,r2_pooled,adj_r2,rmse,mae,caution
E0_base58,v4 基线复刻（58 特征，无坐标）,58,0.3211,0.1211,0.3258,0.1642,0.2163,0.1373,
E1_clim7,+2021 年份特异气候 7 列,65,0.3181,0.1226,0.3223,0.1349,0.2168,0.1369,
E2_v5full,+距平 4+交互 3（72 特征）,72,0.3195,0.1247,0.3237,0.1101,0.2166,0.137,
E5_topk25,E2+折内增益 top-25 精简（创新1）,18,0.3195,0.1234,0.3239,0.2807,0.2166,0.1371,
E7_topk25_ridge,E5+Ridge 0.5 混合（创新2）,18,0.3356,0.137,0.3423,0.3004,0.2136,0.1346,
E8_resid_idw,E2+折内残差 IDW（负结果展示）,72,0.7693,0.0624,0.7694,0.6966,0.1265,0.0801,random-CV inflation expected
M0_base58_xy,基线+lon/lat（mapping mode）,60,0.5972,0.0877,0.6,0.5,0.1666,0.1107,
M5_topk25_xy,E5+lon/lat（mapping mode）,17,0.6018,0.0837,0.6044,0.5806,0.1657,0.1098,
M7_topk25_ridge_xy,E7+lon/lat（mapping mode）,17,0.5167,0.1135,0.5205,0.4917,0.1824,0.1194,
