file,size_bytes,size_mb,sha256,storage
Data/2021ChinaWheatYield30m.tif,1140993469,1140.99,62aaefe026b9f91ca422c9d0493aeeb79255bb9df1094794e47fe2f89d0fdfc4,release:data-v1
Data/Management/Xiao2024/Allregions.rds,60067772,60.07,6245da244b803ace394e102d4fec7c5fbea66762b62593ae1cc4492e78909b64,release:data-v1
Data/Management/Xiao2024/Irrigation_ref.tif,1435344,1.44,ceeb1e2faae3f7834f6739cc22b0ebdd19522ccc6debb8d80c7491606a25bff3,git
Data/Management/Xiao2024/N_ref.tif,1396290,1.4,fe5959649217959629653dd1e9abfd50fb0296cda4fad663eac77be5f6d84791,git
Data/Management/Xiao2024/WheatYield_ref.tif,1407268,1.41,547ba5af5f0bdb5ca71b4e6dcfcef09c3362f1cb50f590d686b5d9fa9c1fc38c,git
Data/Management/management_grid_default.csv,8022,0.01,c17dc3bc17d0769b2a691e02e588960cc96cbc900ea9f49af6d945c39ed333d9,git
Data/Management/management_scenarios.csv,561,0.0,b24a96c702cb2598e9e526069b21083a4de5cd71ceedb94ea098b50b54e0c8c5,git
Data/SRTM/srtm_60_04.tif,72096675,72.1,cc43cd88cb27e84ccdd820d3eae2c666058673656249082005cc92adfd4c817e,release:data-v1
Data/SoilGrids_wgs84/bdod_0-5cm_mean_5000.tif,5822672,5.82,94860e1136cc6d6193895ed72460f54771f62099cf8148459d2d1cd38808767d,git
Data/SoilGrids_wgs84/cec_0-5cm_mean_5000.tif,8753065,8.75,3aa4a59ce4c2589d84e19aac54076ee3bd91260b8a6db36d73c7ff5b65577328,git
Data/SoilGrids_wgs84/clay_0-5cm_mean_5000.tif,8993596,8.99,8d75b5db5bb295b4f54e64068d5cdbae8283ae7d6fab5278b9225face1b7020a,git
Data/SoilGrids_wgs84/nitrogen_0-5cm_mean_5000.tif,4562944,4.56,e150c2e6002dd3c862c49949b6985d4e36c776d07d14faf3ba2d47b9cfc8551c,git
Data/SoilGrids_wgs84/phh2o_0-5cm_mean_5000.tif,4264169,4.26,a74bc7e8551e8e281f7abb9cfc4fe3d60a72717c8cb131f7feb51b43a893c8c9,git
Data/SoilGrids_wgs84/sand_0-5cm_mean_5000.tif,9432422,9.43,af70445daad0ff93830e81805e55c2b84ff6bf4f4ac2d62e0ab6bc1648e7708f,git
Data/SoilGrids_wgs84/silt_0-5cm_mean_5000.tif,9124548,9.12,3ab90a1fa4b85008924426c104a43954813c3b3a0e59a7d9e7ac007706585af5,git
Data/SoilGrids_wgs84/soc_0-5cm_mean_5000.tif,10112094,10.11,cd1f40e14817112cb732ff84374182d628b858b8843cd477fc410f4a32764bf3,git
Data/Variety/Variety_Maize_Traits.csv,1451,0.0,092152d9eb6073b01c7d54189bc613432f11e39df5bf3ea6dfc50ac560285f4c,git
Data/Variety/Variety_Wheat_Traits.csv,774,0.0,de8c075ce230233540e535ff15b8b0831be244b7716586590945a67d1f5169ba,git
Data/WorldClim/wc2.1_2.5m_bio_1.tif,50198441,50.2,e776e42c80de9c2c739aaccf8995c87956ae5e7b38bb104cb050e3109b677daa,release:data-v1
Data/WorldClim/wc2.1_2.5m_bio_10.tif,46331330,46.33,e4e88bf80f64ae40ff71def828cd11499036ee58ac12f5a49e706010782d0d39,release:data-v1
Data/WorldClim/wc2.1_2.5m_bio_11.tif,47055428,47.06,cbc1408b68c783cce4ecee82ee604381a348160d20406f64229c8b1a10e3c526,release:data-v1
Data/WorldClim/wc2.1_2.5m_bio_12.tif,25761708,25.76,345831c721ead79efb2bdc4790b39cad942f466af84c63f21bcfc364dda433bc,release:data-v1
Data/WorldClim/wc2.1_2.5m_bio_13.tif,18154358,18.15,e21276ee5f61950fe87f176546f07b3c895c38aecdc9f1d9cc1fee55b795a1dc,git
Data/WorldClim/wc2.1_2.5m_bio_14.tif,11222411,11.22,42305aeccb43c9bfa292382234ccedcf1490259117db47286bd0144929e860ec,git
Data/WorldClim/wc2.1_2.5m_bio_15.tif,48689231,48.69,6d5ae6389251a7545dc1dc71f2ddc65898e71d71c52e7a1f16bbbc86c969976e,release:data-v1
Data/WorldClim/wc2.1_2.5m_bio_16.tif,22123510,22.12,2bbb8f08154ed7e5db16fb98aa81d33d6d58c84e3a6c9dc73d1db1d8f79769c8,release:data-v1
Data/WorldClim/wc2.1_2.5m_bio_17.tif,15948202,15.95,bbda55815ba318c0b9a0e3fef1819bd5df62e022e5152c4e6aafbfee5a095c68,git
Data/WorldClim/wc2.1_2.5m_bio_18.tif,19474466,19.47,f36009090440e194f3bc30e00a39cb1c46483c0cb758a87953c68098cd1fd80b,git
Data/WorldClim/wc2.1_2.5m_bio_19.tif,19210092,19.21,0f9399439f2f911014ad5219bfa65e1e841f960e40cc27fa5b39c86c1dc16d0e,git
Data/WorldClim/wc2.1_2.5m_bio_2.tif,47819954,47.82,95cd2d0fa4bba7415309251db05bfcf893f712a5dbaadffeab6461558b34a73c,release:data-v1
Data/WorldClim/wc2.1_2.5m_bio_3.tif,55441071,55.44,711dca10b08e9a9c3a38233f2a77ebed5ad86365fd1fb79926c84d477afbedbd,release:data-v1
Data/WorldClim/wc2.1_2.5m_bio_4.tif,56204551,56.2,c3fbb4123f9ba34e084500ba455e40f79f79b7d58f4062c4c24aafd45ef5737f,release:data-v1
Data/WorldClim/wc2.1_2.5m_bio_5.tif,37744099,37.74,5c301b90e8a83d0a9b57d592a36ee5a07eeb228a20184c78cba6d0419fc4f5fb,release:data-v1
Data/WorldClim/wc2.1_2.5m_bio_6.tif,39919962,39.92,fc737cc086c5c81e2c46e84af63d352d60bb051ea378361d0245eb2f3d674896,release:data-v1
Data/WorldClim/wc2.1_2.5m_bio_7.tif,41473061,41.47,bdd59a7749b6d8f1d53713acc44daace558e02c04066e3fa647feaa107d42597,release:data-v1
Data/WorldClim/wc2.1_2.5m_bio_8.tif,47120368,47.12,70f430fa247a3687db88deb4158111c4d4535f545c8ca2eeef98c396d2198ae4,release:data-v1
Data/WorldClim/wc2.1_2.5m_bio_9.tif,47476729,47.48,8d00a8b920d89ac909264990e19a95432275bb94706adca830322d4482a7c964,release:data-v1
Data/WorldClim/wc2.1_2.5m_prec_01.tif,5449882,5.45,d3eed4dcc0513499c2c4060deee19c75e814522595ee60dec7283575620b3932,git
Data/WorldClim/wc2.1_2.5m_prec_02.tif,5653253,5.65,ed311ac32a01eb947f71a46c93df5249ead6d728d892f325f8ee92062d8aa2f2,git
Data/WorldClim/wc2.1_2.5m_prec_03.tif,6199874,6.2,7731d1c1098875b604e2d59b2d8f937bc7557a503e71cda921150bcb4a1488ff,git
Data/WorldClim/wc2.1_2.5m_prec_04.tif,6169475,6.17,9d1d846eaa1298d9402ebdf2705bb05d6e0e08321b1bf302866e7dfd6a53965a,git
Data/WorldClim/wc2.1_2.5m_prec_05.tif,6160611,6.16,7196488ce84f3e6ce623f03a819377f5398e180491b09d0a7cc8c13cef3cac4b,git
Data/WorldClim/wc2.1_2.5m_prec_06.tif,6208893,6.21,0382fdea03ba82d1c3b9d058cae2c214d99bd1465dba9859060461b4d48dedcd,git
Data/WorldClim/wc2.1_2.5m_prec_07.tif,6341313,6.34,6ebe4ed0deee6059f2c83df7931e8ed2a98487d91631d104b9c4dbf7f4e4a64c,git
Data/WorldClim/wc2.1_2.5m_prec_08.tif,6658737,6.66,470d7ac4ce2174c1f08b23600b826f51449dbb528aef02b4931dfc0a71716b0d,git
Data/WorldClim/wc2.1_2.5m_prec_09.tif,6216995,6.22,173a177dc304a214013713d63929a2250de57fd4d8f0d54785e4d843c0604811,git
Data/WorldClim/wc2.1_2.5m_prec_10.tif,6507116,6.51,c45d709dcc4e2ed600a293f02d8b69902a3311c77c3add8bea5df15c7db969ae,git
Data/WorldClim/wc2.1_2.5m_prec_11.tif,5804089,5.8,b39fd64449d6d8df1100ff2c5e0617560bab3cda3b6313672d8802cba7fc36c7,git
Data/WorldClim/wc2.1_2.5m_prec_12.tif,5625550,5.63,e18600cfcc7d30f5e6722de598c5665ae5b9176ca205a5ae7566ab7fe15bfaa5,git
Data/WorldClim/wc2.1_2.5m_tavg_01.tif,38515392,38.52,930caa50c201a8643cb4cc4fdb6cee06cfc286b85cb69ae7f66e7329c75e3f5f,release:data-v1
Data/WorldClim/wc2.1_2.5m_tavg_02.tif,38730032,38.73,cdda57a3ea49e3d0e2c2c085baf186f6b82ee461144e518aec9e8cd892c965a8,release:data-v1
Data/WorldClim/wc2.1_2.5m_tavg_03.tif,38984608,38.98,91fd2bbcabc40b42e081a1403bd80e26c16dd80e294580a8b9546440324f7c56,release:data-v1
Data/WorldClim/wc2.1_2.5m_tavg_04.tif,38915156,38.92,4a3c06d5a90652508b8f921ed6472aefc9c910144e683b538f61242b125641d4,release:data-v1
Data/WorldClim/wc2.1_2.5m_tavg_05.tif,38977348,38.98,b422c65353c8a38e1fbfcfdbb66c058fa8c36011d45d034ab66837c3d7e5af54,release:data-v1
Data/WorldClim/wc2.1_2.5m_tavg_06.tif,38781249,38.78,34ec67d90c2a51be3ab0456599bd223f5c63da43c0c99be18b48c7acc8806764,release:data-v1
Data/WorldClim/wc2.1_2.5m_tavg_07.tif,38469065,38.47,499bc95b8b9b061bad47734b4d894a57e6f4b1221230683f1d823ef10d768f2b,release:data-v1
Data/WorldClim/wc2.1_2.5m_tavg_08.tif,38146060,38.15,5a0157c8af88014780ade697508b58fef2f0b66c76967b75aa4ef6fb8ea7ab37,release:data-v1
Data/WorldClim/wc2.1_2.5m_tavg_09.tif,38381155,38.38,35608b1497288b705aed20c9f8d8d32bc6f47a1e6daad6f087786027339bcc55,release:data-v1
Data/WorldClim/wc2.1_2.5m_tavg_10.tif,38555624,38.56,815ffbdbfa05542a16e9f7e8198674bbafac05a088dfb64e2b2abf0bc213550d,release:data-v1
Data/WorldClim/wc2.1_2.5m_tavg_11.tif,38503573,38.5,6fa4c9620ab93728cccf6d1c3df243cf62d56a1330a4e61127b84d40634b6d07,release:data-v1
Data/WorldClim/wc2.1_2.5m_tavg_12.tif,38359327,38.36,98b7a2fb703100851f8af7e59b0dd5e69598d9fcf8d091c7b446c01e2c96eb03,release:data-v1
